titulo;precio;ubicacion;descripcion;url;litros_detectados;ala_detectada;cumple_criterios;fecha_publicacion;envio;estado;imagen
Tabla Wingfoil Carbono;250.0;Moreaga, 48600;"Tabla de wingfoil duotone custom 75 litros 

- Construcción en carbono.
- Diseño moderno y aerodinámico.
- Incluye straps de sujeción. Acepto cambio por tabla con más volumen";https://es.wallapop.com/item/tabla-wingfoil-carbono-1293682687;[75];[];False;2026-08-22;Envío disponible;Disponible;https://cdn.wallapop.com/images/10420/le/83/__/c10420p1293682687/i6690473631.jpg?pictureSize=W640|https://cdn.wallapop.com/images/10420/le/83/__/c10420p1293682687/i6690473678.jpg?pictureSize=W640|https://cdn.wallapop.com/images/10420/le/83/__/c10420p1293682687/i6690473718.jpg?pictureSize=W640|https://cdn.wallapop.com/images/10420/le/83/__/c10420p1293682687/i6690473758.jpg?pictureSize=W640|https://cdn.wallapop.com/images/10420/le/83/__/c10420p1293682687/i6690473831.jpg?pictureSize=W640|https://cdn.wallapop.com/images/10420/le/83/__/c10420p1293682687/i6690473876.jpg?pictureSize=W640
Tabla WingFoil Starboard Takeoff;250.0;Goian, 36750;"Tabla de wingfoil Starboard Takeoff.4'7''
- 70 litros.
- Incluye straps GONG.
- 4'7'' X 24'' X 70 litros";https://es.wallapop.com/item/tabla-wingfoil-starboard-takeoff-1295820776;[70];[];False;2026-08-28;Envío disponible;Disponible;https://cdn.wallapop.com/images/10420/lf/hx/__/c10420p1295820776/i6700220617.jpg?pictureSize=W640|https://cdn.wallapop.com/images/10420/lf/hx/__/c10420p1295820776/i6700220644.jpg?pictureSize=W640|https://cdn.wallapop.com/images/10420/lf/hx/__/c10420p1295820776/i6700220657.jpg?pictureSize=W640|https://cdn.wallapop.com/images/10420/lf/hx/__/c10420p1295820776/i6700220660.jpg?pictureSize=W640|https://cdn.wallapop.com/images/10420/lf/hx/__/c10420p1295820776/i6700220672.jpg?pictureSize=W640|https://cdn.wallapop.com/images/10420/lf/hx/__/c10420p1295820776/i6700220688.jpg?pictureSize=W640|https://cdn.wallapop.com/images/10420/lf/hx/__/c10420p1295820776/i6700220700.jpg?pictureSize=W640
Tabla Wingfoil GONG HIPE 4’11 – 70L;190.0;Sevilla, 41001;"Incluye maleta, hinchador y kit de reparaciones.

- Modelo HIPE.
- Capacidad de 70L.
- Medida 4'11.
- Incluye asas de sujeción.

Tiene unos 2 años y muy poco uso, por lo que se encuentra en muy buen estado. Un unico parche reparado en tienda. No pierde nada de presion.

Ideal para quien busca una tabla compacta, ligera y muy fácil de transportar. Al ser hinchable ocupa muy poco espacio una vez guardada.

✅ GONG HIPE 4’11
✅ 70 litros
✅ Incluye maleta de transporte
✅ Incluye hinchador
✅ Poco uso
✅ Muy buen estado";https://es.wallapop.com/item/tabla-wingfoil-gong-hipe-411-70l-1295997501;[70];[];False;2026-09-06;Envío disponible;Disponible;https://cdn.wallapop.com/images/10420/lf/lq/__/c10420p1295997501/i6701050845.jpg?pictureSize=W640|https://cdn.wallapop.com/images/10420/lf/lq/__/c10420p1295997501/i6701050927.jpg?pictureSize=W640|https://cdn.wallapop.com/images/10420/lf/lq/__/c10420p1295997501/i6701050994.jpg?pictureSize=W640|https://cdn.wallapop.com/images/10420/lf/lq/__/c10420p1295997501/i6701050917.jpg?pictureSize=W640|https://cdn.wallapop.com/images/10420/lf/lq/__/c10420p1295997501/i6701050870.jpg?pictureSize=W640|https://cdn.wallapop.com/images/10420/lf/lq/__/c10420p1295997501/i6701050962.jpg?pictureSize=W640|https://cdn.wallapop.com/images/10420/lf/lq/__/c10420p1295997501/i6701050903.jpg?pictureSize=W640|https://cdn.wallapop.com/images/10420/lf/lq/__/c10420p1295997501/i6701050888.jpg?pictureSize=W640|https://cdn.wallapop.com/images/10420/lf/lq/__/c10420p1295997501/i6701050987.jpg?pictureSize=W640|https://cdn.wallapop.com/images/10420/lf/lq/__/c10420p1295997501/i6701050947.jpg?pictureSize=W640
Tabla Wingfoil F-ONE Rocket 88L;450.0;Donostia-San Sebastián, 20005;"Tabla de wingfoil F-ONE Rocket con 88 litros de volumen. Su diseño es de color naranja vibrante.

- Modelo: Rocket
- Volumen: 88 L
-5,5 x 27"" x 4,3"" 
- Marca: F-ONE
-construcción bamboo.
La tabla está en muy buen estado. 
Es una tabla ideal para iniciarse y progresar, muy estable y sale rápido al vuelo";https://es.wallapop.com/item/tabla-wingfoil-f-one-rocket-88l-1298174489;[88];[];False;2026-09-07;Envío disponible;Disponible;https://cdn.wallapop.com/images/10420/lg/wd/__/c10420p1298174489/i6711424464.jpg?pictureSize=W640|https://cdn.wallapop.com/images/10420/lg/wd/__/c10420p1298174489/i6711424472.jpg?pictureSize=W640|https://cdn.wallapop.com/images/10420/lg/wd/__/c10420p1298174489/i6711424481.jpg?pictureSize=W640|https://cdn.wallapop.com/images/10420/lg/wd/__/c10420p1298174489/i6711424500.jpg?pictureSize=W640|https://cdn.wallapop.com/images/10420/lg/wd/__/c10420p1298174489/i6711424513.jpg?pictureSize=W640|https://cdn.wallapop.com/images/10420/lg/wd/__/c10420p1298174489/i6711424536.jpg?pictureSize=W640|https://cdn.wallapop.com/images/10420/lg/wd/__/c10420p1298174489/i6711424554.jpg?pictureSize=W640|https://cdn.wallapop.com/images/10420/lg/wd/__/c10420p1298174489/i6711424562.jpg?pictureSize=W640|https://cdn.wallapop.com/images/10420/lg/wd/__/c10420p1298174489/i6711424572.jpg?pictureSize=W640|https://cdn.wallapop.com/images/10420/lg/wd/__/c10420p1298174489/i6711424589.jpg?pictureSize=W640
Mastil Wingfoil North Sonar C95;550.0;Donostia-San Sebastián, 20011;"Mastil de wingfoil North Sonar C95 en carbono.  Perfecto para condiciones chopi por su posición alta en navegación y margen de maniobra, gran ceñida.
Poco uso, muy buen estado.";https://es.wallapop.com/item/mastil-wingfoil-north-sonar-c95-1299046326;[];[];False;2026-09-07;Envío disponible;Disponible;https://cdn.wallapop.com/images/10420/lh/f2/__/c10420p1299046326/i6715424759.jpg?pictureSize=W640|https://cdn.wallapop.com/images/10420/lh/f2/__/c10420p1299046326/i6715424771.jpg?pictureSize=W640|https://cdn.wallapop.com/images/10420/lh/f2/__/c10420p1299046326/i6715424779.jpg?pictureSize=W640|https://cdn.wallapop.com/images/10420/lh/f2/__/c10420p1299046326/i6715424790.jpg?pictureSize=W640|https://cdn.wallapop.com/images/10420/lh/f2/__/c10420p1299046326/i6715424795.jpg?pictureSize=W640|https://cdn.wallapop.com/images/10420/lh/f2/__/c10420p1299046326/i6715424806.jpg?pictureSize=W640|https://cdn.wallapop.com/images/10420/lh/f2/__/c10420p1299046326/i6715424812.jpg?pictureSize=W640
Wingfoil Cabrinha 3.5;250.0;Alicante/Alacant, 03001;"Wingfoil Cabrinha de 3.5 metros cuadrados. Diseñada para ofrecer un rendimiento excepcional.

- Color azul y blanco.
- Ventanas transparentes en la tela.
- Asas de sujeción negras.
-Dos reparaciones en tela que no afectan para navegar. Reparadas perfectamente.";https://es.wallapop.com/item/wingfoil-cabrinha-3-5-1296287312;[];[3.5];False;2026-09-02;Envío disponible;Disponible;https://cdn.wallapop.com/images/10420/lf/rx/__/c10420p1296287312/i6702326553.jpg?pictureSize=W640|https://cdn.wallapop.com/images/10420/lf/rx/__/c10420p1296287312/i6702326564.jpg?pictureSize=W640|https://cdn.wallapop.com/images/10420/lf/rx/__/c10420p1296287312/i6702326575.jpg?pictureSize=W640|https://cdn.wallapop.com/images/10420/lf/rx/__/c10420p1296287312/i6702326589.jpg?pictureSize=W640|https://cdn.wallapop.com/images/10420/lf/rx/__/c10420p1296287312/i6702326603.jpg?pictureSize=W640|https://cdn.wallapop.com/images/10420/lf/rx/__/c10420p1296287312/i6702326613.jpg?pictureSize=W640|https://cdn.wallapop.com/images/10420/lf/rx/__/c10420p1296287312/i6702326621.jpg?pictureSize=W640|https://cdn.wallapop.com/images/10420/lf/rx/__/c10420p1296287312/i6702326631.jpg?pictureSize=W640
Tabla Wingfoil Gong 85L;200.0;Murcia, 30001;"Tabla de foil Gong con 85 litros de volumen. Diseño moderno en colores verde lima y negro.
Muy poco usada, perfecta para seguir progresando sin llevar una tabla excesivamente grande o para iniciación para quien no pese mucho. Incluyo dos footstraps
Hago envíos.

- Superficie antideslizante.
- Válvula de inflado.
- Anilla de remolque en la parte inferior.";https://es.wallapop.com/item/tabla-foil-gong-85l-1299389840;[85];[];False;2026-09-08;Envío disponible;Disponible;https://cdn.wallapop.com/images/10420/lh/mf/__/c10420p1299389840/i6717070375.jpg?pictureSize=W640|https://cdn.wallapop.com/images/10420/lh/mf/__/c10420p1299389840/i6717070384.jpg?pictureSize=W640|https://cdn.wallapop.com/images/10420/lh/mf/__/c10420p1299389840/i6717070390.jpg?pictureSize=W640|https://cdn.wallapop.com/images/10420/lh/mf/__/c10420p1299389840/i6717070398.jpg?pictureSize=W640
Ala Wingfoil North Nova 5.0 m2;210.0;Granada, 18005;"Ala de wing foil North Nova de 5 metros. Diseñada para un rendimiento superior y una navegación intuitiva. Especial principiantes.
Incluye leash North de muñeca.

- Tamaño: 5.0 metros
- Marca: North
- Color: Rojo y negro
- Ventanas transparentes en el panel.
- Modelo: Nova
- Características: Rendimiento, Amigable";https://es.wallapop.com/item/ala-wing-foil-north-nova-5-0-1297023865;[];[5];False;2026-09-17;Envío disponible;Disponible;https://cdn.wallapop.com/images/10420/lg/7q/__/c10420p1297023865/i6705667962.jpg?pictureSize=W640|https://cdn.wallapop.com/images/10420/lg/7q/__/c10420p1297023865/i6705667995.jpg?pictureSize=W640|https://cdn.wallapop.com/images/10420/lg/7q/__/c10420p1297023865/i6705668017.jpg?pictureSize=W640|https://cdn.wallapop.com/images/10420/lg/7q/__/c10420p1297023865/i6705667996.jpg?pictureSize=W640|https://cdn.wallapop.com/images/10420/lg/7q/__/c10420p1297023865/i6705668018.jpg?pictureSize=W640|https://cdn.wallapop.com/images/10420/lg/7q/__/c10420p1297023865/i6705668022.jpg?pictureSize=W640|https://cdn.wallapop.com/images/10420/lg/7q/__/c10420p1297023865/i6705668029.jpg?pictureSize=W640
Funda Tabla Wingfoil;60.0;Fuengirola, 29640;"Funda para tabla de wingfoil en color negro. Cuenta con un interior plateado y un bolsillo frontal.

- Cierre de cremallera y para foil
- Correa ajustable para el hombro.

Para 5 pies.";https://es.wallapop.com/item/funda-tabla-wingfoil-1300507078;[];[];False;2026-09-13;Envío disponible;Disponible;https://cdn.wallapop.com/images/10420/li/ad/__/c10420p1300507078/i6722887493.jpg?pictureSize=W640|https://cdn.wallapop.com/images/10420/li/ad/__/c10420p1300507078/i6722887499.jpg?pictureSize=W640|https://cdn.wallapop.com/images/10420/li/ad/__/c10420p1300507078/i6722887502.jpg?pictureSize=W640
Tabla Wingfoil 70L;50.0;Santa Pola, 03130;"Tabla de wingfoil custom de 70L. Se la compré a un shaper de Lanzarote que se la hizo para aprender. Esta con signos de desgaste y fea pero creedme que perfectamente funcional. Núcleo de XPS que no absorbe agua. Construcción en fibra de vidrio. 
 Yo he aprendido con ella, por el precio merece la pena la inversión";https://es.wallapop.com/item/tabla-wingfoil-70l-1301965924;[70];[];False;2026-09-15;Envío disponible;Disponible;https://cdn.wallapop.com/images/10420/lj/5n/__/c10420p1301965924/i6729328555.jpg?pictureSize=W640|https://cdn.wallapop.com/images/10420/lj/5n/__/c10420p1301965924/i6729328601.jpg?pictureSize=W640|https://cdn.wallapop.com/images/10420/lj/5n/__/c10420p1301965924/i6729328686.jpg?pictureSize=W640
Tabla Wingfoil Hinchable ITIWIT;260.0;Castro-Urdiales, 39700;"Tabla de wingfoil hinchable de la marca ITIWIT de Decathlon. Diseñada para una experiencia de navegación versátil. De 6 pies y 135 litros, usada dos veces. Ideal para aprender por volumen y flotabilidad.

- Color blanco y naranja.
- Incluye asas laterales para un fácil transporte.
- Con funda de transporte.";https://es.wallapop.com/item/tabla-wingfoil-hinchable-itiwit-1300301355;[135];[];False;2026-09-10;Envío disponible;Disponible;https://cdn.wallapop.com/images/10420/li/5y/__/c10420p1300301355/i6721950739.jpg?pictureSize=W640|https://cdn.wallapop.com/images/10420/li/5y/__/c10420p1300301355/i6721950752.jpg?pictureSize=W640|https://cdn.wallapop.com/images/10420/li/5y/__/c10420p1300301355/i6721950744.jpg?pictureSize=W640|https://cdn.wallapop.com/images/10420/li/5y/__/c10420p1300301355/i6721950758.jpg?pictureSize=W640|https://cdn.wallapop.com/images/10420/li/5y/__/c10420p1300301355/i6721950767.jpg?pictureSize=W640|https://cdn.wallapop.com/images/10420/li/5y/__/c10420p1300301355/i6721950776.jpg?pictureSize=W640|https://cdn.wallapop.com/images/10420/li/5y/__/c10420p1300301355/i6721950786.jpg?pictureSize=W640
Chaleco ION WINGFOIL Talla S;65.0;Tarifa, 11380;"Chaleco negro de la marca ION, talla S, diseñado para wingfoil.

- Cierre frontal con cremallera.
- Logo ION en el pecho.
- Detalle CORE en el lateral.
- Etiqueta ION SURFING ELEMENTS en la parte inferior.
- se ven todos los detalles en las fotos
- precio original 159€";https://es.wallapop.com/item/chaleco-ion-wingfoil-talla-s-1301685473;[];[];False;2026-09-14;Envío disponible;Disponible;https://cdn.wallapop.com/images/10420/li/zm/__/c10420p1301685473/i6728010266.jpg?pictureSize=W640|https://cdn.wallapop.com/images/10420/li/zm/__/c10420p1301685473/i6728010275.jpg?pictureSize=W640|https://cdn.wallapop.com/images/10420/li/zm/__/c10420p1301685473/i6728010281.jpg?pictureSize=W640|https://cdn.wallapop.com/images/10420/li/zm/__/c10420p1301685473/i6728010290.jpg?pictureSize=W640
Pack Wingfoil GONG Hipe First 6'6 + Wing 5m + Foil;850.0;Mazagon, 21130;"Vendo equipo completo de Wingfoil de la marca GONG. Ideal para iniciación o navegantes que buscan máxima estabilidad y un aprendizaje rápido. El material no tiene ninguna reparación ni daños estructurales.

El pack incluye:

Tabla HIPE First 6'6"" (155 L):
• Medidas: 6'6 x 32"" x 5"" (155L).
• Tabla hinchable con plato de carbono para respuesta rígida.
• Incluye leash de seguridad.

Ala / Wing GONG Plus 5.0 m²:
• Medida versátil para cubrir un amplio rango de viento.
• Incluye ventanas para visibilidad.

Foil Completo GONG Allvator Rise:
• Ala delantera: Rise XL (2100 cm²), facilísimo despegue a baja velocidad.
• Estabilizador: Rise Stab L (45 cm / 400 cm²).
• Mástil: Allvator 80 cm.
• Fuselaje y tornillería. El ala delantera tiene unas rozaduras sin afectar a la estructura. En el fuselaje un tornillo está barrido.

Accesorios:
• Hinchador oficial GONG con manómetro.
• Bolsa de transporte original incluida.

Estado:
Sin reparaciones. Todo el equipo está en buen estado y listo para entrar al agua sin necesidad de comprar nada más.";https://es.wallapop.com/item/pack-wingfoil-gong-hipe-first-6-6---wing-5m---foil-1300429799;[155];[5];False;2026-09-15;Envío disponible;Disponible;https://cdn.wallapop.com/images/10420/li/8q/__/c10420p1300429799/i6722520626.jpg?pictureSize=W640|https://cdn.wallapop.com/images/10420/li/8q/__/c10420p1300429799/i6722520646.jpg?pictureSize=W640|https://cdn.wallapop.com/images/10420/li/8q/__/c10420p1300429799/i6722520654.jpg?pictureSize=W640|https://cdn.wallapop.com/images/10420/li/8q/__/c10420p1300429799/i6722520670.jpg?pictureSize=W640|https://cdn.wallapop.com/images/10420/li/8q/__/c10420p1300429799/i6722520680.jpg?pictureSize=W640|https://cdn.wallapop.com/images/10420/li/8q/__/c10420p1300429799/i6722520708.jpg?pictureSize=W640|https://cdn.wallapop.com/images/10420/li/8q/__/c10420p1300429799/i6722520700.jpg?pictureSize=W640|https://cdn.wallapop.com/images/10420/li/8q/__/c10420p1300429799/i6722520690.jpg?pictureSize=W640|https://cdn.wallapop.com/images/10420/li/8q/__/c10420p1300429799/i6722520634.jpg?pictureSize=W640|https://cdn.wallapop.com/images/10420/li/8q/__/c10420p1300429799/i6722520711.jpg?pictureSize=W640
Pack Iniciación Wingfoil F-One;1650.0;Centro Militar Araka, 01100;"El pack tiene todo lo que hace falta para empezar en este deporte, con un material que facilita enormemente la vida a la hora de despegar.

- Tabla F-One Rocket Wing de 120L
- Foil F-One Gravity 2200
- Estabilizador F-One IC6 300
- Mástil F-One de 85
- Vela Duotone Slick SLS 6.5m con la barra miniboom platinium 125 y mochila de transporte.
- Bolsa Gong para la tabla
- Fundas para el Foil y el estabilizador

Posibilidad de cambiar la vela por la Gong de 5m que tengo en mi perfil para abaratar el pack (o por si te parece demasiado grande la 6.5m).";https://es.wallapop.com/item/pack-iniciacion-wingfoil-f-one-1301867254;[120];[5, 6.5];False;2026-09-14;Envío disponible;Disponible;https://cdn.wallapop.com/images/10420/lj/3j/__/c10420p1301867254/i6728799464.jpg?pictureSize=W640|https://cdn.wallapop.com/images/10420/lj/3j/__/c10420p1301867254/i6728799472.jpg?pictureSize=W640|https://cdn.wallapop.com/images/10420/lj/3j/__/c10420p1301867254/i6728799485.jpg?pictureSize=W640|https://cdn.wallapop.com/images/10420/lj/3j/__/c10420p1301867254/i6728799494.jpg?pictureSize=W640|https://cdn.wallapop.com/images/10420/lj/3j/__/c10420p1301867254/i6728799499.jpg?pictureSize=W640|https://cdn.wallapop.com/images/10420/lj/3j/__/c10420p1301867254/i6728799503.jpg?pictureSize=W640|https://cdn.wallapop.com/images/10420/lj/3j/__/c10420p1301867254/i6728799510.jpg?pictureSize=W640|https://cdn.wallapop.com/images/10420/lj/3j/__/c10420p1301867254/i6728799518.jpg?pictureSize=W640|https://cdn.wallapop.com/images/10420/lj/3j/__/c10420p1301867254/i6728799526.jpg?pictureSize=W640|https://cdn.wallapop.com/images/10420/lj/3j/__/c10420p1301867254/i6728799537.jpg?pictureSize=W640
Tabla Wingfoil Sunova 5,6 - 76L . Funda;800.0;Barcelona, 08012;"Tabla de wingfoil Sunova Carver de James Casey con 76 litros de volumen. Largo 5,6. Diseño moderno y ligero. Con footstraps y funda nuevos dw Duotone. Tabla mitica midlenght diseño de James Casey. Ligera y resistente. Para sesiones epicas 🤙🏻

- Marca: Sunova
- Modelo: Casey
- Volumen: 80L
Funda y footsraps nuevos  Duotone";https://es.wallapop.com/item/tabla-wingfoil-sunova-casey-80l-midlenght-funda-1300368273;[76, 80];[];False;2026-09-19;Envío disponible;Disponible;https://cdn.wallapop.com/images/10420/li/7e/__/c10420p1300368273/i6722255745.jpg?pictureSize=W640|https://cdn.wallapop.com/images/10420/li/7e/__/c10420p1300368273/i6722255788.jpg?pictureSize=W640|https://cdn.wallapop.com/images/10420/li/7e/__/c10420p1300368273/i6722255809.jpg?pictureSize=W640|https://cdn.wallapop.com/images/10420/li/7e/__/c10420p1300368273/i6722255780.jpg?pictureSize=W640|https://cdn.wallapop.com/images/10420/li/7e/__/c10420p1300368273/i6722255794.jpg?pictureSize=W640|https://cdn.wallapop.com/images/10420/li/7e/__/c10420p1300368273/i6722255813.jpg?pictureSize=W640|https://cdn.wallapop.com/images/10420/li/7e/__/c10420p1300368273/i6722255819.jpg?pictureSize=W640|https://cdn.wallapop.com/images/10420/li/7e/__/c10420p1300368273/i6722255800.jpg?pictureSize=W640|https://cdn.wallapop.com/images/10420/li/7e/__/c10420p1300368273/i6722255758.jpg?pictureSize=W640|https://cdn.wallapop.com/images/10420/li/7e/__/c10420p1300368273/i6722255773.jpg?pictureSize=W640
Tabla Wingfoil NEYRA Midlenght;600.0;Valencia, 46002;"Tabla de wingfoil NEYRA Midlenght. 6.1  x  20 1/2.        90 Litros.   
100% Carbono, cajetín y boxes Chinook, Custom Pad Neyrafoils.

En perfectísimo estado, muy cuidada. Se entrega con su funda original.

La tabla se comporta de maravilla, levita enseguida y es muy estable.

Perfecta para los riders que ya han dado sus primeros vuelos y quieren evolucionar.

Prefiero entregarla en mano en la zona de Valencia, donde se puede ver y probar.

Se puede enviar por agencia de transporte bien embalada.";https://es.wallapop.com/item/tabla-wingfoil-neyra-midlenght-1303243474;[90];[];False;2026-09-18;Envío disponible;Disponible;https://cdn.wallapop.com/images/10420/lj/x1/__/c10420p1303243474/i6738263147.jpg?pictureSize=W640|https://cdn.wallapop.com/images/10420/lj/x1/__/c10420p1303243474/i6738263163.jpg?pictureSize=W640|https://cdn.wallapop.com/images/10420/lj/x1/__/c10420p1303243474/i6738263178.jpg?pictureSize=W640|https://cdn.wallapop.com/images/10420/lj/x1/__/c10420p1303243474/i6738263192.jpg?pictureSize=W640|https://cdn.wallapop.com/images/10420/lj/x1/__/c10420p1303243474/i6738263211.jpg?pictureSize=W640|https://cdn.wallapop.com/images/10420/lj/x1/__/c10420p1303243474/i6738263227.jpg?pictureSize=W640|https://cdn.wallapop.com/images/10420/lj/x1/__/c10420p1303243474/i6738263238.jpg?pictureSize=W640
Duotone Footstraps Wingfoil;65.0;Madrid, 28043;Juego de 3 footstraps (montados unabvez pero nunca usados) para tabla de wingfoil.;https://es.wallapop.com/item/duotone-footstraps-wingfoil-1302747188;[];[];False;2026-09-18;Envío disponible;Disponible;https://cdn.wallapop.com/images/10420/lj/me/__/c10420p1302747188/i6735429497.jpg?pictureSize=W640|https://cdn.wallapop.com/images/10420/lj/me/__/c10420p1302747188/i6738602335.jpg?pictureSize=W640|https://cdn.wallapop.com/images/10420/lj/me/__/c10420p1302747188/i6738602383.jpg?pictureSize=W640
Chaleco Impacto SOÖRUZ Wingfoil;95.0;Malgrat de mar, 08380;"Chaleco de impacto SOÖRUZ para wingfoil. Diseñado para ofrecer protección y comodidad.
Talla M/L ( ver foto tallas)

- Logo SOÖRUZ en la parte frontal.
- Detalle de logo Ocean Protect SOÖRUZ en el cuello.
- Cremallera frontal.
- Tejido de neopreno.

Entrega en mano en Malgrat de Mar o Granollers.";https://es.wallapop.com/item/chaleco-impacto-sooruz-wingfoil-1292190348;[];[];False;2026-08-30;Envío disponible;Disponible;https://cdn.wallapop.com/images/10420/ld/c4/__/c10420p1292190348/i6682053384.jpg?pictureSize=W640|https://cdn.wallapop.com/images/10420/ld/c4/__/c10420p1292190348/i6682053789.jpg?pictureSize=W640|https://cdn.wallapop.com/images/10420/ld/c4/__/c10420p1292190348/i6682053531.jpg?pictureSize=W640|https://cdn.wallapop.com/images/10420/ld/c4/__/c10420p1292190348/i6682053927.jpg?pictureSize=W640|https://cdn.wallapop.com/images/10420/ld/c4/__/c10420p1292190348/i6682053402.jpg?pictureSize=W640|https://cdn.wallapop.com/images/10420/ld/c4/__/c10420p1292190348/i6682053559.jpg?pictureSize=W640|https://cdn.wallapop.com/images/10420/ld/c4/__/c10420p1292190348/i6702354583.jpg?pictureSize=W640
Tabla WingFoil Slingshot Wingcraft 60;300.0;Camposancos, 36788;"Tabla wingfoil Slingshot Wingcraft 60
NUEVA
Por estrenar";https://es.wallapop.com/item/tabla-wingfoil-slingshot-wingcraft-60-1294208240;[];[];False;2026-08-24;Envío disponible;Disponible;https://cdn.wallapop.com/images/10420/le/jd/__/c10420p1294208240/i6692807998.jpg?pictureSize=W640|https://cdn.wallapop.com/images/10420/le/jd/__/c10420p1294208240/i6692808016.jpg?pictureSize=W640|https://cdn.wallapop.com/images/10420/le/jd/__/c10420p1294208240/i6692808038.jpg?pictureSize=W640|https://cdn.wallapop.com/images/10420/le/jd/__/c10420p1294208240/i6692808066.jpg?pictureSize=W640|https://cdn.wallapop.com/images/10420/le/jd/__/c10420p1294208240/i6692808087.jpg?pictureSize=W640
Wing foil wingfoil GONG Neutura UPE 5,5m 2024;300.0;Alicante/Alacant, 03540;"Vela GONG Neutura UPE (similar al aluula) de 5,5 metros, modelo de 2024. Con asas rígidas pero permite montar tanto asas blandas como botavara.
 Tiene una reparación en el borde de ataque hecha por un profesional, y que no afecta en nada para navegar (va como un tiro, es ligera y muy maniobrable), pero de ahí el precio. Por lo demás está bien cuidada y en buen estado.";https://es.wallapop.com/item/wing-foil-wingfoil-gong-neutura-upe-5-5m-2024-1299353283;[];[5.5];False;2026-09-07;Envío disponible;Disponible;https://cdn.wallapop.com/images/10420/lh/ln/__/c10420p1299353283/i6716907065.jpg?pictureSize=W640|https://cdn.wallapop.com/images/10420/lh/ln/__/c10420p1299353283/i6716907138.jpg?pictureSize=W640|https://cdn.wallapop.com/images/10420/lh/ln/__/c10420p1299353283/i6716907175.jpg?pictureSize=W640|https://cdn.wallapop.com/images/10420/lh/ln/__/c10420p1299353283/i6716907230.jpg?pictureSize=W640|https://cdn.wallapop.com/images/10420/lh/ln/__/c10420p1299353283/i6716907273.jpg?pictureSize=W640|https://cdn.wallapop.com/images/10420/lh/ln/__/c10420p1299353283/i6716907298.jpg?pictureSize=W640|https://cdn.wallapop.com/images/10420/lh/ln/__/c10420p1299353283/i6716907323.jpg?pictureSize=W640|https://cdn.wallapop.com/images/10420/lh/ln/__/c10420p1299353283/i6716907348.jpg?pictureSize=W640|https://cdn.wallapop.com/images/10420/lh/ln/__/c10420p1299353283/i6716907377.jpg?pictureSize=W640
Cabo Arnés Wingfoil Artness V3;50.0;Elx/Elche, 03201;"Vendo cabo de arnés retráctil para Wingfoil nuevo a estrenar. Precio no negociable.
El arnés se adapta a todo tipo de velas (asas blandas, rígidas e incluso botavaras)";https://es.wallapop.com/item/cabo-arnes-wingfoil-artness-v3-1293385077;[];[];False;2026-08-21;Envío disponible;Disponible;https://cdn.wallapop.com/images/10420/le/1q/__/c10420p1293385077/i6689002448.jpg?pictureSize=W640|https://cdn.wallapop.com/images/10420/le/1q/__/c10420p1293385077/i6689002473.jpg?pictureSize=W640|https://cdn.wallapop.com/images/10420/le/1q/__/c10420p1293385077/i6689002481.jpg?pictureSize=W640|https://cdn.wallapop.com/images/10420/le/1q/__/c10420p1293385077/i6689002465.jpg?pictureSize=W640|https://cdn.wallapop.com/images/10420/le/1q/__/c10420p1293385077/i6689002486.jpg?pictureSize=W640
Tabla Wingfoil Takoon Glide Air Midlenght 5.6 90L;250.0;Conceição, 8005-021;"Tabla wingfoil Takoon Glide Air.


- Modelo: Glide ML Air
- Tamaño: 5'6
- Capacidad: 90 Litros
- Color: Azul marino con detalles naranjas
Em bom estado.
Prancha espectacular para riders com menos de 80kgs que dão muita importância ao transporte e viajens.
Footstraps e leash NÃO incluídos.";https://es.wallapop.com/item/tabla-wingfoil-takoon-glide-air-midlenght-5-6-90l-1300091126;[90];[];False;2026-09-17;Envío disponible;Disponible;https://cdn.wallapop.com/images/10420/li/1g/__/c10420p1300091126/i6720951523.jpg?pictureSize=W640|https://cdn.wallapop.com/images/10420/li/1g/__/c10420p1300091126/i6720951457.jpg?pictureSize=W640|https://cdn.wallapop.com/images/10420/li/1g/__/c10420p1300091126/i6720951509.jpg?pictureSize=W640|https://cdn.wallapop.com/images/10420/li/1g/__/c10420p1300091126/i6720951473.jpg?pictureSize=W640|https://cdn.wallapop.com/images/10420/li/1g/__/c10420p1300091126/i6720951599.jpg?pictureSize=W640|https://cdn.wallapop.com/images/10420/li/1g/__/c10420p1300091126/i6720951571.jpg?pictureSize=W640|https://cdn.wallapop.com/images/10420/li/1g/__/c10420p1300091126/i6720951561.jpg?pictureSize=W640|https://cdn.wallapop.com/images/10420/li/1g/__/c10420p1300091126/i6720951489.jpg?pictureSize=W640|https://cdn.wallapop.com/images/10420/li/1g/__/c10420p1300091126/i6720951537.jpg?pictureSize=W640|https://cdn.wallapop.com/images/10420/li/1g/__/c10420p1300091126/i6720951585.jpg?pictureSize=W640
Vela Wingfoil Duotone Unit 5m Dlab 2024;460.0;Palma de Mallorca, 07610;"Ala Duotone Unit 5m Aluula en buen estado, una pequeña reparacion el borde de ataque hecha por profesional y 3 poros tapados, por lo demás perfecta, no pierde nada de aire y va estupenda.

- Tamaño: 5.0
- Modelo: Unit Dlab
- Marca: Duotone";https://es.wallapop.com/item/duotone-unit-5m-dlab-ala-wingfoil-1297247092;[];[5];False;2026-09-17;Envío disponible;Disponible;https://cdn.wallapop.com/images/10420/lg/ci/__/c10420p1297247092/i6706734707.jpg?pictureSize=W640|https://cdn.wallapop.com/images/10420/lg/ci/__/c10420p1297247092/i6706734730.jpg?pictureSize=W640|https://cdn.wallapop.com/images/10420/lg/ci/__/c10420p1297247092/i6706734753.jpg?pictureSize=W640|https://cdn.wallapop.com/images/10420/lg/ci/__/c10420p1297247092/i6706734774.jpg?pictureSize=W640|https://cdn.wallapop.com/images/10420/lg/ci/__/c10420p1297247092/i6706734798.jpg?pictureSize=W640|https://cdn.wallapop.com/images/10420/lg/ci/__/c10420p1297247092/i6706734830.jpg?pictureSize=W640|https://cdn.wallapop.com/images/10420/lg/ci/__/c10420p1297247092/i6706734862.jpg?pictureSize=W640|https://cdn.wallapop.com/images/10420/lg/ci/__/c10420p1297247092/i6706734900.jpg?pictureSize=W640|https://cdn.wallapop.com/images/10420/lg/ci/__/c10420p1297247092/i6706734940.jpg?pictureSize=W640|https://cdn.wallapop.com/images/10420/lg/ci/__/c10420p1297247092/i6706734979.jpg?pictureSize=W640
Wingfoil DUOTONE Unit 3.0m 2025. Como nuevo.;450.0;Málaga, 29015;"Wingfoil DUOTONE Unit de 3.0m del año 2025. Se encuentra en excelente estado, como nuevo.

- Diseño moderno y llamativo.
- Materiales de alta calidad.
- Apenas sin uso. 
Core, Naish, Gong, RRD, North";https://es.wallapop.com/item/wingfoil-duotone-unit-3-0m-2025-1299041217;[];[3];False;2026-09-06;Envío disponible;Disponible;https://cdn.wallapop.com/images/10420/lh/ey/__/c10420p1299041217/i6715403045.jpg?pictureSize=W640|https://cdn.wallapop.com/images/10420/lh/ey/__/c10420p1299041217/i6715403062.jpg?pictureSize=W640|https://cdn.wallapop.com/images/10420/lh/ey/__/c10420p1299041217/i6715403052.jpg?pictureSize=W640|https://cdn.wallapop.com/images/10420/lh/ey/__/c10420p1299041217/i6715403057.jpg?pictureSize=W640|https://cdn.wallapop.com/images/10420/lh/ey/__/c10420p1299041217/i6715403075.jpg?pictureSize=W640|https://cdn.wallapop.com/images/10420/lh/ey/__/c10420p1299041217/i6715403092.jpg?pictureSize=W640|https://cdn.wallapop.com/images/10420/lh/ey/__/c10420p1299041217/i6715403098.jpg?pictureSize=W640|https://cdn.wallapop.com/images/10420/lh/ey/__/c10420p1299041217/i6715403083.jpg?pictureSize=W640|https://cdn.wallapop.com/images/10420/lh/ey/__/c10420p1299041217/i6715403109.jpg?pictureSize=W640|https://cdn.wallapop.com/images/10420/lh/ey/__/c10420p1299041217/i6715403067.jpg?pictureSize=W640
Vela Wingfoil Duotone Slick 5.5 (opción botavara);100.0;Navia, 36320;"Wing Duotone Slick 5.5
La vendo porque quiero cambiar a algo más nuevo.
Ideal para iniciarse y para aprender a maniobrar.
Tiene reparaciones, como se ve en las fotos. 
En sesiones largas (2 horas o más) he notado que al salir tenía algo menos de presión, pero disfrutable igualmente.
Puede incluir botavara por 40€  (es de 1,20m y no coge en el transporte de wallapop, así que hay que enviarla por Correos)";https://es.wallapop.com/item/vela-duotone-slick-5-5-1302910125;[];[];False;2026-09-18;Envío disponible;Disponible;https://cdn.wallapop.com/images/10420/lj/pv/__/c10420p1302910125/i6736378563.jpg?pictureSize=W640|https://cdn.wallapop.com/images/10420/lj/pv/__/c10420p1302910125/i6736378595.jpg?pictureSize=W640|https://cdn.wallapop.com/images/10420/lj/pv/__/c10420p1302910125/i6736378676.jpg?pictureSize=W640|https://cdn.wallapop.com/images/10420/lj/pv/__/c10420p1302910125/i6736378693.jpg?pictureSize=W640|https://cdn.wallapop.com/images/10420/lj/pv/__/c10420p1302910125/i6736378637.jpg?pictureSize=W640|https://cdn.wallapop.com/images/10420/lj/pv/__/c10420p1302910125/i6736378617.jpg?pictureSize=W640|https://cdn.wallapop.com/images/10420/lj/pv/__/c10420p1302910125/i6736378583.jpg?pictureSize=W640|https://cdn.wallapop.com/images/10420/lj/pv/__/c10420p1302910125/i6736378652.jpg?pictureSize=W640
Ala Wingfoil 5, 5 m2 con pinchazo;120.0;Tolosa, 20400;"Ala de wingfoil de 5'5m2 takoon
Se hincha bien pero en la ultima sesion tras hora y media me di cuenta q habia perdido presion. Escuche alguna burbuja en algun lado asi q debe tener algun pinchazo por el que pierde el aire pero a mi no se me dan bien las reparaciones 
Por lo demas tiene en la tela algun parche que no da problemas que se ven en las fotos
Bolsa incluida";https://es.wallapop.com/item/ala-wingfoil-5m2-con-pinchazo-1285362025;[];[5];False;2026-09-13;Envío disponible;Disponible;https://cdn.wallapop.com/images/10420/l9/9r/__/c10420p1285362025/i6638177048.jpg?pictureSize=W640|https://cdn.wallapop.com/images/10420/l9/9r/__/c10420p1285362025/i6638177061.jpg?pictureSize=W640|https://cdn.wallapop.com/images/10420/l9/9r/__/c10420p1285362025/i6638177080.jpg?pictureSize=W640|https://cdn.wallapop.com/images/10420/l9/9r/__/c10420p1285362025/i6638177093.jpg?pictureSize=W640|https://cdn.wallapop.com/images/10420/l9/9r/__/c10420p1285362025/i6638180071.jpg?pictureSize=W640|https://cdn.wallapop.com/images/10420/l9/9r/__/c10420p1285362025/i6638180102.jpg?pictureSize=W640
Wingfoil Cabrinha Mantis 4m;350.0;Málaga, 29010;"Wingfoil Cabrinha Mantis de 4 metros.

- Color gris y Amarillo
Muy cuidada , sin ningún tipo de reparaciones.";https://es.wallapop.com/item/wingfoil-cabrinha-mantis-4m-1296334472;[];[4];False;2026-08-30;Envío disponible;Disponible;https://cdn.wallapop.com/images/10420/lf/sy/__/c10420p1296334472/i6702522408.jpg?pictureSize=W640
Tabla Wingfoil Carbon Dani Vallejo (Flycat) 85L;500.0;Rocafort, 46111;"Tabla de wingfoil de carbono del shaper Dani Vallejo marca flycat con 85 litros de volumen. Diseñada para un rendimiento óptimo en el agua. En perfecto estado 

- Construcción full carbon.
- Volumen de 85L.
Se vende solo la tabla";https://es.wallapop.com/item/tabla-wingfoil-carbon-dani-vallejo-flycat-85l-1302551449;[85];[];False;2026-09-16;Envío disponible;Disponible;https://cdn.wallapop.com/images/10420/lj/i7/__/c10420p1302551449/i6732314362.jpg?pictureSize=W640|https://cdn.wallapop.com/images/10420/lj/i7/__/c10420p1302551449/i6732314389.jpg?pictureSize=W640|https://cdn.wallapop.com/images/10420/lj/i7/__/c10420p1302551449/i6732314411.jpg?pictureSize=W640|https://cdn.wallapop.com/images/10420/lj/i7/__/c10420p1302551449/i6732314426.jpg?pictureSize=W640|https://cdn.wallapop.com/images/10420/lj/i7/__/c10420p1302551449/i6732314402.jpg?pictureSize=W640
North Nova 5.0 Wing Ala Wingfoil;175.0;Urbanizacion Ciudad Residencial La Berzosa, 28248;"Ala de wingfoil North Nova de 5.0m.

En buen estado, funciona super bien. Tiene fuga lenta. No se nota por 3 horas, asi sigue muy bien para sesiones de menos que dos horas.

En venta barata porque no tengo tiempo para encontrar la fuga.

Ligera, agil, y resistente. Excelente para aprender, avanzar, y jugar.

Tengo otras tallas en mi perfil, y hago lote.

Duotone Gaastra Cabrinha AFS RRD freewing";https://es.wallapop.com/item/north-nova-5-0-wing-ala-wingfoil-1289370877;[];[5];False;2026-08-28;Envío disponible;Disponible;https://cdn.wallapop.com/images/10420/lb/no/__/c10420p1289370877/i6666039592.jpg?pictureSize=W640|https://cdn.wallapop.com/images/10420/lb/no/__/c10420p1289370877/i6666020372.jpg?pictureSize=W640|https://cdn.wallapop.com/images/10420/lb/no/__/c10420p1289370877/i6666024235.jpg?pictureSize=W640|https://cdn.wallapop.com/images/10420/lb/no/__/c10420p1289370877/i6666024211.jpg?pictureSize=W640|https://cdn.wallapop.com/images/10420/lb/no/__/c10420p1289370877/i6666024231.jpg?pictureSize=W640|https://cdn.wallapop.com/images/10420/lb/no/__/c10420p1289370877/i6666024199.jpg?pictureSize=W640|https://cdn.wallapop.com/images/10420/lb/no/__/c10420p1289370877/i6666024226.jpg?pictureSize=W640
Tabla wingfoil Naish Hover 110L;549.0;Churriana de la Vega, 18194;"Tabla de wingfoil Naish Hover de 110 litros.
En estupendo estado.
Sin ninguna reparación.
Ideal para iniciarse.
Alguna marca superficial del uso.

- Marca: Naish
- Modelo: Hover
- Capacidad: 110 litros";https://es.wallapop.com/item/tabla-wingfoil-naish-hover-110l-1300530460;[110];[];False;2026-09-11;Envío disponible;Disponible;https://cdn.wallapop.com/images/10420/li/av/__/c10420p1300530460/i6722994548.jpg?pictureSize=W640|https://cdn.wallapop.com/images/10420/li/av/__/c10420p1300530460/i6722994558.jpg?pictureSize=W640|https://cdn.wallapop.com/images/10420/li/av/__/c10420p1300530460/i6722994563.jpg?pictureSize=W640|https://cdn.wallapop.com/images/10420/li/av/__/c10420p1300530460/i6722994571.jpg?pictureSize=W640
Tabla Wingfoil Explore Mid Length;471.0;Donostia-San Sebastián, 20018;"Item: 048018
Marca: TRIBORD
Talla: 100 L
Producto disponible en la tienda San Sebastián.
Muy Bueno - Producto completo y totalmente funcional. 100% seguro. El producto puede tener ligeros defectos estéticos: marcas, arañazos.
Stand up paddle olas tabla de wing foil
Garantía de 3 años.
#segundamanodeca246";https://es.wallapop.com/item/tabla-wingfoil-explore-mid-length-1303398177;[100];[];False;2026-09-19;Envío disponible;Disponible;https://cdn.wallapop.com/images/10420/lk/0c/__/c10420p1303398177/i6739072129.jpg?pictureSize=W640|https://cdn.wallapop.com/images/10420/lk/0c/__/c10420p1303398177/i6739072172.jpg?pictureSize=W640|https://cdn.wallapop.com/images/10420/lk/0c/__/c10420p1303398177/i6739072183.jpg?pictureSize=W640|https://cdn.wallapop.com/images/10420/lk/0c/__/c10420p1303398177/i6739072194.jpg?pictureSize=W640
Tabla Wingfoil Fone Rocket 105L;600.0;Donostia-San Sebastián, 20014;"Tabla de wingfoil Fone Rocket de 105 litros. Diseñada para ofrecer un buen rendimiento.

- Color naranja.
- Modelo Rocket.
- Capacidad de 105L.";https://es.wallapop.com/item/tabla-wingfoil-fone-rocket-105l-1302753395;[105];[];False;2026-09-17;Envío disponible;Disponible;https://cdn.wallapop.com/images/10420/lj/mi/__/c10420p1302753395/i6735468824.jpg?pictureSize=W640|https://cdn.wallapop.com/images/10420/lj/mi/__/c10420p1302753395/i6735468841.jpg?pictureSize=W640|https://cdn.wallapop.com/images/10420/lj/mi/__/c10420p1302753395/i6735468858.jpg?pictureSize=W640|https://cdn.wallapop.com/images/10420/lj/mi/__/c10420p1302753395/i6735468872.jpg?pictureSize=W640
Tabla Wingfoil North Seek a estrenar;460.0;Barrio de Jarana, 11518;"Tabla de wingfoil North Seek 78L nueva a estrenar, muy estable y ligera ideal para ir bajando litros, incluye strap nuevos y funda calcetin Dakine

-posibilidad entrega en mano en cadiz
- Base con textura antideslizante.";https://es.wallapop.com/item/tabla-wingfoil-north-seek-1296588462;[78];[];False;2026-09-06;Envío disponible;Disponible;https://cdn.wallapop.com/images/10420/lf/ye/__/c10420p1296588462/i6703542392.jpg?pictureSize=W640|https://cdn.wallapop.com/images/10420/lf/ye/__/c10420p1296588462/i6703542401.jpg?pictureSize=W640|https://cdn.wallapop.com/images/10420/lf/ye/__/c10420p1296588462/i6703542400.jpg?pictureSize=W640
2 Juegos completos foils AZTRON wingfoil;550.0;Sevilla, 41018;"Foils Marca: Aztron. Material: Carbono y aluminio

• Mástil: de 60cm y 90cm
• Alas: Rocket 1800 (aspect ratio 5.6) y 1450 -
Color: Negro y azul
• Estabilizadores: 310h
• Incluye dos bases, tornillería y fuselajes.
• Ambos en sus fundas
Ideal para iniciarse (para personas con un peso superior a 55kg) y/o progresar.
Una de las bases tiene algo desprendida la pintura. Uno de los cursores de la cremallera de una de las fundas no funciona. El otro lo hace perfectamente. Funda perfectamente funcional.

También se pueden vender por separado a 300 € cada uno (juego completo de Funda, base, Mastil, fuselaje,  ala y estabilizador.";https://es.wallapop.com/item/2-juegos-completos-foils-aztron-wingfoil-1302783255;[];[];False;2026-09-17;Envío disponible;Disponible;https://cdn.wallapop.com/images/10420/lj/n5/__/c10420p1302783255/i6735663666.jpg?pictureSize=W640|https://cdn.wallapop.com/images/10420/lj/n5/__/c10420p1302783255/i6735663743.jpg?pictureSize=W640|https://cdn.wallapop.com/images/10420/lj/n5/__/c10420p1302783255/i6735663712.jpg?pictureSize=W640|https://cdn.wallapop.com/images/10420/lj/n5/__/c10420p1302783255/i6735663730.jpg?pictureSize=W640|https://cdn.wallapop.com/images/10420/lj/n5/__/c10420p1302783255/i6735663691.jpg?pictureSize=W640|https://cdn.wallapop.com/images/10420/lj/n5/__/c10420p1302783255/i6735663751.jpg?pictureSize=W640|https://cdn.wallapop.com/images/10420/lj/n5/__/c10420p1302783255/i6735663701.jpg?pictureSize=W640|https://cdn.wallapop.com/images/10420/lj/n5/__/c10420p1302783255/i6735663735.jpg?pictureSize=W640
Mástil Fanatic Aluminium 75 cm Wingfoil;150.0;Valladolid, 47008;"Mástil Fanatic AL 3.0 de 75 cm en muy buen estado + funda.
Incluye funda original.
Compatible con Duotone Aero AL.
Ideal wingfoil / pumpfoil.";https://es.wallapop.com/item/mastil-fanatic-aluminium-75-cm-wingfoil-1283144152;[];[];False;2026-09-19;Envío disponible;Disponible;https://cdn.wallapop.com/images/10420/l7/y8/__/c10420p1283144152/i6625334941.jpg?pictureSize=W640|https://cdn.wallapop.com/images/10420/l7/y8/__/c10420p1283144152/i6625334958.jpg?pictureSize=W640|https://cdn.wallapop.com/images/10420/l7/y8/__/c10420p1283144152/i6625334969.jpg?pictureSize=W640
Tabla Wingfoil Hinchable 110l;450.0;Navalmoral de la Mata, 10300;"Tabla de wingfoil hinchable 110l con diseño llamativo en azul y amarillo.

- Tabla hinchable JP 
- Medidas: 5,4” x 27,5” 110l
- Diseño de triple capa.
- Refuerzo de PVC en la cubierta y en el fondo.
- Superficie antideslizante en gris y amarillo. Con posiciones para las footstrap.
- Se vende con los footstrap, inflador y funda mochila con ruedas para facilitar transporte. 
La tabla está en Tarifa por si se quiere ver.
Precio negociable.";https://es.wallapop.com/item/tabla-wingfoil-hinchable-110l-1296867095;[110];[];False;2026-09-18;Envío disponible;Disponible;https://cdn.wallapop.com/images/10420/lg/4d/__/c10420p1296867095/i6704855325.jpg?pictureSize=W640|https://cdn.wallapop.com/images/10420/lg/4d/__/c10420p1296867095/i6704855524.jpg?pictureSize=W640|https://cdn.wallapop.com/images/10420/lg/4d/__/c10420p1296867095/i6704855508.jpg?pictureSize=W640|https://cdn.wallapop.com/images/10420/lg/4d/__/c10420p1296867095/i6704855382.jpg?pictureSize=W640|https://cdn.wallapop.com/images/10420/lg/4d/__/c10420p1296867095/i6704855420.jpg?pictureSize=W640|https://cdn.wallapop.com/images/10420/lg/4d/__/c10420p1296867095/i6704855556.jpg?pictureSize=W640|https://cdn.wallapop.com/images/10420/lg/4d/__/c10420p1296867095/i6704855464.jpg?pictureSize=W640
Ala wing Vayu v2 5.4m wingfoil;285.0;Bilbao, 48004;"Ala wing Vayu v2 de 5.4 m para wingfoil.

Modelo con botavara fijo en dos partes.

Buenas condiciones, tiene una reparación profesional alrededor de una ventana. Está muy bien hecha.

Mantiene la presión perfectamente, e bladder no se ha llegado a pinchar.

Viene con su mochila y leash de muñeca.

#wingfoil
#naish
#duotone
#fanatic
#f-one";https://es.wallapop.com/item/ala-wing-vayu-v2-5-4m-wingfoil-1300515880;[];[5.4];False;2026-09-17;Envío disponible;Disponible;https://cdn.wallapop.com/images/10420/li/ak/__/c10420p1300515880/i6722926961.jpg?pictureSize=W640|https://cdn.wallapop.com/images/10420/li/ak/__/c10420p1300515880/i6722926979.jpg?pictureSize=W640|https://cdn.wallapop.com/images/10420/li/ak/__/c10420p1300515880/i6722926993.jpg?pictureSize=W640|https://cdn.wallapop.com/images/10420/li/ak/__/c10420p1300515880/i6722926992.jpg?pictureSize=W640|https://cdn.wallapop.com/images/10420/li/ak/__/c10420p1300515880/i6722926976.jpg?pictureSize=W640|https://cdn.wallapop.com/images/10420/li/ak/__/c10420p1300515880/i6722926998.jpg?pictureSize=W640|https://cdn.wallapop.com/images/10420/li/ak/__/c10420p1300515880/i6722926970.jpg?pictureSize=W640|https://cdn.wallapop.com/images/10420/li/ak/__/c10420p1300515880/i6722926964.jpg?pictureSize=W640|https://cdn.wallapop.com/images/10420/li/ak/__/c10420p1300515880/i6722926968.jpg?pictureSize=W640|https://cdn.wallapop.com/images/10420/li/ak/__/c10420p1300515880/i6722926974.jpg?pictureSize=W640
Tabla Wingfoil Vayu Naranja;350.0;Valldoreix, 08197;"Tabla de wingfoil Vayu de color naranja, ideal para iniciación. Diseñada para facilitar el aprendizaje y la progresión en el deporte.

- Color: Naranja
- Marca: Vayu
- Tipo: Wingfoil
- Uso: Iniciación";https://es.wallapop.com/item/tabla-wingfoil-vayu-naranja-1292699117;[];[];False;2026-08-22;Envío disponible;Disponible;https://cdn.wallapop.com/images/10420/ld/n1/__/c10420p1292699117/i6685182527.jpg?pictureSize=W640|https://cdn.wallapop.com/images/10420/ld/n1/__/c10420p1292699117/i6685182546.jpg?pictureSize=W640|https://cdn.wallapop.com/images/10420/ld/n1/__/c10420p1292699117/i6685182557.jpg?pictureSize=W640|https://cdn.wallapop.com/images/10420/ld/n1/__/c10420p1292699117/i6685182566.jpg?pictureSize=W640
Manera Boardbag Wingfoil 5.0;240.0;El Masnou, 08320;"Funda para tabla de wingfoil Manera, modelo 5.0. Está sin estrenar.
-Medidas:160X65X24 cm.
- Incluye ruedas para facilitar el transporte.
- Diseño elegante y funcional en color negro.
- Marca reconocida por su calidad.";https://es.wallapop.com/item/manera-boardbag-wingfoil-5-0-1170951454;[];[];False;2026-09-19;Envío disponible;Disponible;https://cdn.wallapop.com/images/10420/jd/5j/__/c10420p1170951454/i5909069473.jpg?pictureSize=W640|https://cdn.wallapop.com/images/10420/jd/5j/__/c10420p1170951454/i5909069529.jpg?pictureSize=W640|https://cdn.wallapop.com/images/10420/jd/5j/__/c10420p1170951454/i5909069584.jpg?pictureSize=W640|https://cdn.wallapop.com/images/10420/jd/5j/__/c10420p1170951454/i5909069617.jpg?pictureSize=W640|https://cdn.wallapop.com/images/10420/jd/5j/__/c10420p1170951454/i5909069667.jpg?pictureSize=W640|https://cdn.wallapop.com/images/10420/jd/5j/__/c10420p1170951454/i5909069696.jpg?pictureSize=W640|https://cdn.wallapop.com/images/10420/jd/5j/__/c10420p1170951454/i5909069731.jpg?pictureSize=W640|https://cdn.wallapop.com/images/10420/jd/5j/__/c10420p1170951454/i5909069766.jpg?pictureSize=W640|https://cdn.wallapop.com/images/10420/jd/5j/__/c10420p1170951454/i5909069800.jpg?pictureSize=W640|https://cdn.wallapop.com/images/10420/jd/5j/__/c10420p1170951454/i5909069834.jpg?pictureSize=W640
Tabla Wingfoil Takoon Slide Carbono6,3 x 20,5  90L;700.0;Poligono Industrial Parque Industrial de Elche, 03203;"Tabla de wingfoil Takoon de 6 pies y 3 pulgadas con 90 litros de volumen.

- Diseño moderno y ligero.
- Ideal para iniciarse o progresar en el wingfoil.
-Con funda";https://es.wallapop.com/item/tabla-wingfoil-takoon-slide-6-3-x-20-5-90l-1303930513;[90];[];False;2026-09-20;Envío disponible;Disponible;https://cdn.wallapop.com/images/10420/lk/br/__/c10420p1303930513/i6742005440.jpg?pictureSize=W640|https://cdn.wallapop.com/images/10420/lk/br/__/c10420p1303930513/i6742005480.jpg?pictureSize=W640|https://cdn.wallapop.com/images/10420/lk/br/__/c10420p1303930513/i6742005454.jpg?pictureSize=W640|https://cdn.wallapop.com/images/10420/lk/br/__/c10420p1303930513/i6742005485.jpg?pictureSize=W640|https://cdn.wallapop.com/images/10420/lk/br/__/c10420p1303930513/i6742005465.jpg?pictureSize=W640|https://cdn.wallapop.com/images/10420/lk/br/__/c10420p1303930513/i6742005475.jpg?pictureSize=W640|https://cdn.wallapop.com/images/10420/lk/br/__/c10420p1303930513/i6742005471.jpg?pictureSize=W640
AK Nomad wingfoil board;785.0;Urbanizacion Ciudad Residencial La Berzosa, 28248;"Buenisima tabla de foil (wing, SUP y o surf) de la leyendaria marca AK. Nomad 7.2 x 22 x 5.7 en 115L. Pronto despegue con una estabilidad excelente. Fenomenal para los pantanos en todas condiciones.

Me llegò de un pedido especial hace semanas y la he usado solo dos veces. Resulta que es demasiada similar a mi Starboard de dimensiones similares, y asi vendo la que vale mas.

MSRP 1899 euros. Pero como la conseguì por 880 te paso mi oportunidad. Ah y viene con protector de cantos FSM (que me saliò por 59 euros mas). Una ganga total.

La puedes ver en Surf3 con Julian o David.

No leer KT AFS Axis Cabrinha Naish FOne Duotone North";https://es.wallapop.com/item/ak-nomad-foilboard-115l-1304654981;[115];[];False;2026-09-23;Envío disponible;Disponible;https://cdn.wallapop.com/images/10420/lk/ra/__/c10420p1304654981/i6746050387.jpg?pictureSize=W640|https://cdn.wallapop.com/images/10420/lk/ra/__/c10420p1304654981/i6746050407.jpg?pictureSize=W640|https://cdn.wallapop.com/images/10420/lk/ra/__/c10420p1304654981/i6746050410.jpg?pictureSize=W640|https://cdn.wallapop.com/images/10420/lk/ra/__/c10420p1304654981/i6746050402.jpg?pictureSize=W640|https://cdn.wallapop.com/images/10420/lk/ra/__/c10420p1304654981/i6746050408.jpg?pictureSize=W640|https://cdn.wallapop.com/images/10420/lk/ra/__/c10420p1304654981/i6746184911.jpg?pictureSize=W640|https://cdn.wallapop.com/images/10420/lk/ra/__/c10420p1304654981/i6746184990.jpg?pictureSize=W640|https://cdn.wallapop.com/images/10420/lk/ra/__/c10420p1304654981/i6746184960.jpg?pictureSize=W640
Casco Wingfoil Negro;15.0;L' Ampolla, 43895;"Casco de wingfoil en color negro con diseño.

- Diseño con logo verde.
- Cierre de seguridad boa.";https://es.wallapop.com/item/casco-wingfoil-negro-1296366717;[];[];False;2026-08-30;Envío disponible;Disponible;https://cdn.wallapop.com/images/10420/lf/tm/__/c10420p1296366717/i6702649589.jpg?pictureSize=W640|https://cdn.wallapop.com/images/10420/lf/tm/__/c10420p1296366717/i6702649612.jpg?pictureSize=W640|https://cdn.wallapop.com/images/10420/lf/tm/__/c10420p1296366717/i6702649645.jpg?pictureSize=W640|https://cdn.wallapop.com/images/10420/lf/tm/__/c10420p1296366717/i6702649678.jpg?pictureSize=W640|https://cdn.wallapop.com/images/10420/lf/tm/__/c10420p1296366717/i6702649693.jpg?pictureSize=W640
Wing foil completo iniciación Talaria;700.0;Getxo, 48930;"Pack completo para iniciarse en el wingfoil.
Incluye todo lo necesario para empezar a practicar este deporte.
- Tabla hinchable de 140 l.
- Foil Tahe Aquilon 2000 completo.
- WING Airush Air V2 DE 6 M.
- Leash de tabla y de WING.
- Bomba de inflado.
- Bolsa de transporte de tabla y del foil.";https://es.wallapop.com/item/wing-foil-completo-iniciacion-talaria-1303732707;[140];[6];False;2026-09-24;Envío disponible;Disponible;https://cdn.wallapop.com/images/10420/lk/7i/__/c10420p1303732707/i6741027454.jpg?pictureSize=W640|https://cdn.wallapop.com/images/10420/lk/7i/__/c10420p1303732707/i6741027463.jpg?pictureSize=W640|https://cdn.wallapop.com/images/10420/lk/7i/__/c10420p1303732707/i6741027499.jpg?pictureSize=W640|https://cdn.wallapop.com/images/10420/lk/7i/__/c10420p1303732707/i6741027531.jpg?pictureSize=W640|https://cdn.wallapop.com/images/10420/lk/7i/__/c10420p1303732707/i6741027513.jpg?pictureSize=W640|https://cdn.wallapop.com/images/10420/lk/7i/__/c10420p1303732707/i6741027472.jpg?pictureSize=W640|https://cdn.wallapop.com/images/10420/lk/7i/__/c10420p1303732707/i6741027538.jpg?pictureSize=W640|https://cdn.wallapop.com/images/10420/lk/7i/__/c10420p1303732707/i6741027553.jpg?pictureSize=W640|https://cdn.wallapop.com/images/10420/lk/7i/__/c10420p1303732707/i6741027486.jpg?pictureSize=W640
Tabla SUP foil wingfoil;420.0;Sierrapando, 39300;"Tabla hecha a mano para levantar rápido con wing ( cometa) o supfoil ( remo)
100% carbono, muy muy resistente.
6'8"" 20"" 100L 
Nivel: principiante + , avanzado ( recomiendo)
Duotone gaastral manual gong ensis eleveight
La parte de abajo es así, ni estropeado ni rallado.
- Superficie antideslizante.
- Diseño aerodinámico.
Envío disponible por otros medios, walapop no deja";https://es.wallapop.com/item/tabla-sup-foil-wingfoil-1296818361;[100];[];False;2026-09-14;Envío disponible;Disponible;https://cdn.wallapop.com/images/10420/lg/3b/__/c10420p1296818361/i6704620924.jpg?pictureSize=W640|https://cdn.wallapop.com/images/10420/lg/3b/__/c10420p1296818361/i6704620931.jpg?pictureSize=W640|https://cdn.wallapop.com/images/10420/lg/3b/__/c10420p1296818361/i6704620946.jpg?pictureSize=W640|https://cdn.wallapop.com/images/10420/lg/3b/__/c10420p1296818361/i6704620962.jpg?pictureSize=W640|https://cdn.wallapop.com/images/10420/lg/3b/__/c10420p1296818361/i6704620970.jpg?pictureSize=W640|https://cdn.wallapop.com/images/10420/lg/3b/__/c10420p1296818361/i6704620977.jpg?pictureSize=W640|https://cdn.wallapop.com/images/10420/lg/3b/__/c10420p1296818361/i6704620986.jpg?pictureSize=W640|https://cdn.wallapop.com/images/10420/lg/3b/__/c10420p1296818361/i6704620994.jpg?pictureSize=W640
Ala de Wingfoil Tribord 5.0;200.0;Portocolom, 07670;"Ala de wingfoil Tribord de 5.0 metros. Ideal para iniciación

- Marca: Tribord.
- Modelo: WNG 500
- Tamaño: 5.0

Se ha usado muy poco esta practicamente nueva

Viene con bolsa de transporte y regalo bomba de inchado";https://es.wallapop.com/item/ala-de-wingfoil-tribord-5-0-1304916470;[];[5];False;2026-09-23;Envío disponible;Disponible;https://cdn.wallapop.com/images/10420/lk/wv/__/c10420p1304916470/i6747532480.jpg?pictureSize=W640|https://cdn.wallapop.com/images/10420/lk/wv/__/c10420p1304916470/i6747532546.jpg?pictureSize=W640|https://cdn.wallapop.com/images/10420/lk/wv/__/c10420p1304916470/i6747532524.jpg?pictureSize=W640|https://cdn.wallapop.com/images/10420/lk/wv/__/c10420p1304916470/i6747532560.jpg?pictureSize=W640|https://cdn.wallapop.com/images/10420/lk/wv/__/c10420p1304916470/i6747532584.jpg?pictureSize=W640|https://cdn.wallapop.com/images/10420/lk/wv/__/c10420p1304916470/i6747532575.jpg?pictureSize=W640|https://cdn.wallapop.com/images/10420/lk/wv/__/c10420p1304916470/i6747532513.jpg?pictureSize=W640
Tabla Wingfoil Give Me 5;400.0;Rafelbuñol/Rafelbunyol, 46138;"Tabla de wingfoil Give Me 5 aproximadamente 95 Litros
Muy estable e ideal para aprender!

- Diseño con franjas naranjas y base clara.
- Logo Give Me 5 CUSTOM BOARDS visible.";https://es.wallapop.com/item/tabla-wingfoil-give-me-5-1295832044;[95];[];False;2026-08-28;Envío disponible;Disponible;https://cdn.wallapop.com/images/10420/lf/i6/__/c10420p1295832044/i6700271953.jpg?pictureSize=W640|https://cdn.wallapop.com/images/10420/lf/i6/__/c10420p1295832044/i6700271981.jpg?pictureSize=W640|https://cdn.wallapop.com/images/10420/lf/i6/__/c10420p1295832044/i6700272013.jpg?pictureSize=W640|https://cdn.wallapop.com/images/10420/lf/i6/__/c10420p1295832044/i6700272039.jpg?pictureSize=W640|https://cdn.wallapop.com/images/10420/lf/i6/__/c10420p1295832044/i6700272066.jpg?pictureSize=W640|https://cdn.wallapop.com/images/10420/lf/i6/__/c10420p1295832044/i6700272099.jpg?pictureSize=W640
Gaastra Cross 6.2 Wingfoil;200.0;El Campello, 03560;"Wingfoil Gaastra Cross de 6.2m
Con uso y algún poro de canopy pero sin ninguna reparación
Vela con mucho rango de viento y perfecta para días flojos  8-15 kts";https://es.wallapop.com/item/gaastra-cross-6-2-wingfoil-1304904128;[];[6.2];False;2026-09-23;Envío disponible;Disponible;https://cdn.wallapop.com/images/10420/lk/wm/__/c10420p1304904128/i6747468161.jpg?pictureSize=W640|https://cdn.wallapop.com/images/10420/lk/wm/__/c10420p1304904128/i6747468190.jpg?pictureSize=W640|https://cdn.wallapop.com/images/10420/lk/wm/__/c10420p1304904128/i6747468215.jpg?pictureSize=W640|https://cdn.wallapop.com/images/10420/lk/wm/__/c10420p1304904128/i6747468234.jpg?pictureSize=W640|https://cdn.wallapop.com/images/10420/lk/wm/__/c10420p1304904128/i6747468246.jpg?pictureSize=W640|https://cdn.wallapop.com/images/10420/lk/wm/__/c10420p1304904128/i6747468265.jpg?pictureSize=W640
Tabla wingfoil starboard wingboatd 70 litros;175.0;Torrenueva, 18720;"En buen estado.
4,6 de 69 litros.";https://es.wallapop.com/item/tabla-wingfoil-starboard-wingboatd-70-litros-1304291313;[69, 70];[];False;2026-09-21;Envío disponible;Disponible;https://cdn.wallapop.com/images/10420/lk/jh/__/c10420p1304291313/i6744012838.jpg?pictureSize=W640|https://cdn.wallapop.com/images/10420/lk/jh/__/c10420p1304291313/i6744012943.jpg?pictureSize=W640|https://cdn.wallapop.com/images/10420/lk/jh/__/c10420p1304291313/i6744012909.jpg?pictureSize=W640|https://cdn.wallapop.com/images/10420/lk/jh/__/c10420p1304291313/i6744012865.jpg?pictureSize=W640|https://cdn.wallapop.com/images/10420/lk/jh/__/c10420p1304291313/i6744012891.jpg?pictureSize=W640|https://cdn.wallapop.com/images/10420/lk/jh/__/c10420p1304291313/i6744012927.jpg?pictureSize=W640
Vela Wingfoil F-One Strike 5.5;250.0;Badia Blava, 07609;"Vela de wingfoil F-One Strike en muy buen estado, muy poco uso.

- Modelo: Strike
- Talla: 5.5";https://es.wallapop.com/item/vela-wingfoil-f-one-strike-5-5-1298973974;[];[];False;2026-09-24;Envío disponible;Disponible;https://cdn.wallapop.com/images/10420/lh/di/__/c10420p1298973974/i6715116307.jpg?pictureSize=W640|https://cdn.wallapop.com/images/10420/lh/di/__/c10420p1298973974/i6715116404.jpg?pictureSize=W640
Tabla Hinchable Wingfoil F-One Rocket Air (140L);375.0;Madrid, 28002;"Tabla hinchable F-One Rocket Air para wingfoil. Incluye bolsa de transporte.

- Color: amarillo.
- Modelo: Rocket Air.
- Marca: F-One.
- Medidas: 140 L, 6’6”";https://es.wallapop.com/item/tabla-hinchable-wingfoil-f-one-rocket-air-1288312693;[140];[];False;2026-09-16;Envío disponible;Disponible;https://cdn.wallapop.com/images/10420/lb/10/__/c10420p1288312693/i6659125277.jpg?pictureSize=W640|https://cdn.wallapop.com/images/10420/lb/10/__/c10420p1288312693/i6659125285.jpg?pictureSize=W640|https://cdn.wallapop.com/images/10420/lb/10/__/c10420p1288312693/i6659125294.jpg?pictureSize=W640
Tabla Foil Wingfoil Cabrinha Code 5'0 78L;425.0;Alicante/Alacant, 03005;"Tabla de wingfoil Cabrinha Code 5'0

78 L de volumen.
Medidas: 5'0"" × 25"" × 4.5""
Tabla ligera, estable y muy manejable.

Tiene algunas marcas de uso, pero no afectan en absoluto a su funcionamiento.

Incluye footstraps.
También puedo incluir una funda Gong por 50 € adicionales.

Se puede ver/recoger en Alicante.
También puedo enviarla.";https://es.wallapop.com/item/tabla-foil-wingfoil-cabrinha-code-5-0-78l-1300224845;[78];[];False;2026-09-14;Envío disponible;Disponible;https://cdn.wallapop.com/images/10420/li/4b/__/c10420p1300224845/i6721600921.jpg?pictureSize=W640|https://cdn.wallapop.com/images/10420/li/4b/__/c10420p1300224845/i6721600994.jpg?pictureSize=W640|https://cdn.wallapop.com/images/10420/li/4b/__/c10420p1300224845/i6721600941.jpg?pictureSize=W640|https://cdn.wallapop.com/images/10420/li/4b/__/c10420p1300224845/i6721600976.jpg?pictureSize=W640|https://cdn.wallapop.com/images/10420/li/4b/__/c10420p1300224845/i6721600969.jpg?pictureSize=W640|https://cdn.wallapop.com/images/10420/li/4b/__/c10420p1300224845/i6721600953.jpg?pictureSize=W640|https://cdn.wallapop.com/images/10420/li/4b/__/c10420p1300224845/i6721600975.jpg?pictureSize=W640|https://cdn.wallapop.com/images/10420/li/4b/__/c10420p1300224845/i6721600999.jpg?pictureSize=W640|https://cdn.wallapop.com/images/10420/li/4b/__/c10420p1300224845/i6721601013.jpg?pictureSize=W640|https://cdn.wallapop.com/images/10420/li/4b/__/c10420p1300224845/i6721601031.jpg?pictureSize=W640
Ala Wingfoil Gaastra Poison 3.7;320.0;Vic, 08500;"Ala de wingfoil Gaastra modelo Poison, menos de 5 usos, la tela aún cruje. Tiene una reparación hecha por profesional como se ve en las fotos 

- Tamaño de 3.7 metros.
- Estructura con refuerzos visibles en el tejido.";https://es.wallapop.com/item/ala-wingfoil-gaastra-poison-3-7-1305025951;[];[3.7];False;2026-09-23;Envío disponible;Disponible;https://cdn.wallapop.com/images/10420/lk/z8/__/c10420p1305025951/i6748132741.jpg?pictureSize=W640|https://cdn.wallapop.com/images/10420/lk/z8/__/c10420p1305025951/i6748132761.jpg?pictureSize=W640|https://cdn.wallapop.com/images/10420/lk/z8/__/c10420p1305025951/i6748132769.jpg?pictureSize=W640|https://cdn.wallapop.com/images/10420/lk/z8/__/c10420p1305025951/i6748132779.jpg?pictureSize=W640|https://cdn.wallapop.com/images/10420/lk/z8/__/c10420p1305025951/i6748132791.jpg?pictureSize=W640|https://cdn.wallapop.com/images/10420/lk/z8/__/c10420p1305025951/i6748132799.jpg?pictureSize=W640|https://cdn.wallapop.com/images/10420/lk/z8/__/c10420p1305025951/i6748132817.jpg?pictureSize=W640|https://cdn.wallapop.com/images/10420/lk/z8/__/c10420p1305025951/i6748132829.jpg?pictureSize=W640|https://cdn.wallapop.com/images/10420/lk/z8/__/c10420p1305025951/i6748132843.jpg?pictureSize=W640
Ala wingfoil Gong Rise L80;120.0;Murcia, 30001;"Ala de wingfoil Gong Rise L80 V1. Es de 1900. Perfecta para viento suave o iniciación por lo fácil y estable que levanta. 

- Modelo: Rise L80
- Marca: Gong
- Tipo: Elevador";https://es.wallapop.com/item/ala-wingfoil-gong-rise-l80-1305305376;[];[];False;2026-09-24;Envío disponible;Disponible;https://cdn.wallapop.com/images/10420/ll/58/__/c10420p1305305376/i6749638271.jpg?pictureSize=W640|https://cdn.wallapop.com/images/10420/ll/58/__/c10420p1305305376/i6749638321.jpg?pictureSize=W640|https://cdn.wallapop.com/images/10420/ll/58/__/c10420p1305305376/i6749638372.jpg?pictureSize=W640|https://cdn.wallapop.com/images/10420/ll/58/__/c10420p1305305376/i6749638503.jpg?pictureSize=W640
Foil Wingfoil Fanatic/Duotone 900;150.0;El Puerto de Santa María, 11500;"Foil de wingfoil Fanatic/Duotone 900.

- Diseño en color negro con detalles en rojo.
- Incluye funda protectora plateada.";https://es.wallapop.com/item/foil-wingfoil-fanatic-duotone-900-1304356960;[];[];False;2026-09-21;Envío disponible;Disponible;https://cdn.wallapop.com/images/10420/lk/kw/__/c10420p1304356960/i6744349683.jpg?pictureSize=W640|https://cdn.wallapop.com/images/10420/lk/kw/__/c10420p1304356960/i6744349706.jpg?pictureSize=W640
Straps Wingfoil GONG;30.0;Sevilla, 41018;"Set de footstrap para wingfoil de la marca GONG. Incluye accesorios para su montaje.

- Correas acolchadas.
- Cierre ajustable.
- Logo GONG visible.";https://es.wallapop.com/item/correas-wingfoil-gong-1305316253;[];[];False;2026-09-24;Envío disponible;Disponible;https://cdn.wallapop.com/images/10420/ll/5g/__/c10420p1305316253/i6749695996.jpg?pictureSize=W640|https://cdn.wallapop.com/images/10420/ll/5g/__/c10420p1305316253/i6749696029.jpg?pictureSize=W640
Leash Wingfoil;15.0;El Prat de Llobregat, 08820;"Leash para wingfoil.

- Correa de tobillo acolchada.
- Cierre de velcro.
- Cable resistente.";https://es.wallapop.com/item/leash-wingfoil-1292496054;[];[];False;2026-08-18;Envío disponible;Disponible;https://cdn.wallapop.com/images/10420/ld/io/__/c10420p1292496054/i6683953304.jpg?pictureSize=W640|https://cdn.wallapop.com/images/10420/ld/io/__/c10420p1292496054/i6683953314.jpg?pictureSize=W640|https://cdn.wallapop.com/images/10420/ld/io/__/c10420p1292496054/i6683953322.jpg?pictureSize=W640|https://cdn.wallapop.com/images/10420/ld/io/__/c10420p1292496054/i6683953334.jpg?pictureSize=W640|https://cdn.wallapop.com/images/10420/ld/io/__/c10420p1292496054/i6683953359.jpg?pictureSize=W640
Duotone SLS 2025 Wingfoil;625.0;Barcelona, 08003;"Wingfoil Duotone SLS del año 2025. Sin reparaciones.

- Modelo: SLS
- Año: 2025
- Marca: Duotone";https://es.wallapop.com/item/duotone-sls-2025-wingfoil-1301363820;[];[];False;2026-09-13;Envío disponible;Disponible;https://cdn.wallapop.com/images/10420/li/sq/__/c10420p1301363820/i6726590989.jpg?pictureSize=W640|https://cdn.wallapop.com/images/10420/li/sq/__/c10420p1301363820/i6726591221.jpg?pictureSize=W640|https://cdn.wallapop.com/images/10420/li/sq/__/c10420p1301363820/i6726591154.jpg?pictureSize=W640|https://cdn.wallapop.com/images/10420/li/sq/__/c10420p1301363820/i6726591101.jpg?pictureSize=W640|https://cdn.wallapop.com/images/10420/li/sq/__/c10420p1301363820/i6726591031.jpg?pictureSize=W640
Ala Wingfoil F-one Strike V5 4.0 MP;400.0;Castellón de la Plana/Castelló de la Plana, 12001;"Ala de wingfoil F-one Strike V5 de 4.0 metros cuadrados. Diseñada para una experiencia de navegación fluida.

- Modelo: Strike V5
- Tamaño: 4.0 MP
- Marca: F-one
- Color: Negro con detalles blancos y naranjas
- incluye asas semirigidas
- leash a estrenar
- mochila original 
- un pequeño corte (1cm) reparado con dacron que no afecta a su tendimiento, por lo demas en perfecto estado";https://es.wallapop.com/item/ala-wingfoil-f-one-strike-v5-4-0-mp-1296365136;[];[4];False;2026-09-24;Envío disponible;Disponible;https://cdn.wallapop.com/images/10420/lf/tl/__/c10420p1296365136/i6702643293.jpg?pictureSize=W640|https://cdn.wallapop.com/images/10420/lf/tl/__/c10420p1296365136/i6702643308.jpg?pictureSize=W640|https://cdn.wallapop.com/images/10420/lf/tl/__/c10420p1296365136/i6702643341.jpg?pictureSize=W640|https://cdn.wallapop.com/images/10420/lf/tl/__/c10420p1296365136/i6702643302.jpg?pictureSize=W640|https://cdn.wallapop.com/images/10420/lf/tl/__/c10420p1296365136/i6702643332.jpg?pictureSize=W640|https://cdn.wallapop.com/images/10420/lf/tl/__/c10420p1296365136/i6702643320.jpg?pictureSize=W640|https://cdn.wallapop.com/images/10420/lf/tl/__/c10420p1296365136/i6702644916.jpg?pictureSize=W640
Wingfoil Naish Neutron 5m;499.0;La Herradura, 18697;"Wingfoil Naish Neutron de 5 metros. Diseñada para ofrecer un rendimiento excepcional.
Esta como nueva, un ala muy potente en perfectas condiciones muy poco uso 

- Color rojo y negro.
- Logo Naish prominente.
- Número 5 en amarillo.";https://es.wallapop.com/item/wingfoil-naish-neutron-5m-1295535564;[];[5];False;2026-09-20;Envío disponible;Disponible;https://cdn.wallapop.com/images/10420/lf/bt/__/c10420p1295535564/i6698871828.jpg?pictureSize=W640|https://cdn.wallapop.com/images/10420/lf/bt/__/c10420p1295535564/i6698871909.jpg?pictureSize=W640|https://cdn.wallapop.com/images/10420/lf/bt/__/c10420p1295535564/i6698871954.jpg?pictureSize=W640|https://cdn.wallapop.com/images/10420/lf/bt/__/c10420p1295535564/i6698871986.jpg?pictureSize=W640|https://cdn.wallapop.com/images/10420/lf/bt/__/c10420p1295535564/i6698872005.jpg?pictureSize=W640|https://cdn.wallapop.com/images/10420/lf/bt/__/c10420p1295535564/i6698872022.jpg?pictureSize=W640
WingFoil Tabla;250.0;Castro-Urdiales, 39700;Tabla totalmente funcional 110L no hace agua. Esta reparada viene incluido un bote de pintura por si quieres hacerle un repaso a las zonas afectadas. Negociable;https://es.wallapop.com/item/wingfoil-tabla-1305996273;[110];[];False;2026-09-28;Envío disponible;Disponible;https://cdn.wallapop.com/images/10420/ll/k1/__/c10420p1305996273/i6753540961.jpg?pictureSize=W640|https://cdn.wallapop.com/images/10420/ll/k1/__/c10420p1305996273/i6753540968.jpg?pictureSize=W640|https://cdn.wallapop.com/images/10420/ll/k1/__/c10420p1305996273/i6753540979.jpg?pictureSize=W640|https://cdn.wallapop.com/images/10420/ll/k1/__/c10420p1305996273/i6753540993.jpg?pictureSize=W640|https://cdn.wallapop.com/images/10420/ll/k1/__/c10420p1305996273/i6753541004.jpg?pictureSize=W640|https://cdn.wallapop.com/images/10420/ll/k1/__/c10420p1305996273/i6753540986.jpg?pictureSize=W640|https://cdn.wallapop.com/images/10420/ll/k1/__/c10420p1305996273/i6753540973.jpg?pictureSize=W640|https://cdn.wallapop.com/images/10420/ll/k1/__/c10420p1305996273/i6753541011.jpg?pictureSize=W640|https://cdn.wallapop.com/images/10420/ll/k1/__/c10420p1305996273/i6753540998.jpg?pictureSize=W640
Ala Wing Smik V2 4.0m2 Wingfoil. URGE;290.0;Es Mercadal, 07740;"Ala wing Smik V2 de 4.0 metros cuadrados. Usada 8 veces contadas. 
Como nueva. Con mochila y Leash de muñeca

- Color verde 
- como nueva
- Ideal para aprender o con viento
- parche y tori a de recambio

Quiero cambiar a 5 m2
Vela. Ala cometa wingsurf  foil. tabla. Paddle";https://es.wallapop.com/item/ala-wing-smik-v2-6-0-1291503298;[];[4, 5];False;2026-08-25;Envío disponible;Disponible;https://cdn.wallapop.com/images/10420/lc/xe/__/c10420p1291503298/i6678333570.jpg?pictureSize=W640|https://cdn.wallapop.com/images/10420/lc/xe/__/c10420p1291503298/i6678333590.jpg?pictureSize=W640|https://cdn.wallapop.com/images/10420/lc/xe/__/c10420p1291503298/i6678977944.jpg?pictureSize=W640|https://cdn.wallapop.com/images/10420/lc/xe/__/c10420p1291503298/i6678977950.jpg?pictureSize=W640|https://cdn.wallapop.com/images/10420/lc/xe/__/c10420p1291503298/i6678977949.jpg?pictureSize=W640|https://cdn.wallapop.com/images/10420/lc/xe/__/c10420p1291503298/i6678977952.jpg?pictureSize=W640|https://cdn.wallapop.com/images/10420/lc/xe/__/c10420p1291503298/i6678977948.jpg?pictureSize=W640|https://cdn.wallapop.com/images/10420/lc/xe/__/c10420p1291503298/i6691394834.jpg?pictureSize=W640
Casco Kitesurf/Wingfoil Deportes Acuáticos;33.0;El Taboco, 38715;"Casco diseñado para deportes acuáticos como kitesurf o wingfoil. Es de color negro y cuenta con un diseño moderno.
Talla M: 55-58cm

- Cierre de seguridad.
- Acolchado interior.
- Correas ajustables.
- Protección de orejas extraible";https://es.wallapop.com/item/casco-kitesurf-wingfoil-deportes-acuaticos-1301280385;[];[];False;2026-09-16;Envío disponible;Disponible;https://cdn.wallapop.com/images/10420/li/qy/__/c10420p1301280385/i6726263083.jpg?pictureSize=W640|https://cdn.wallapop.com/images/10420/li/qy/__/c10420p1301280385/i6726263144.jpg?pictureSize=W640|https://cdn.wallapop.com/images/10420/li/qy/__/c10420p1301280385/i6726263136.jpg?pictureSize=W640|https://cdn.wallapop.com/images/10420/li/qy/__/c10420p1301280385/i6726263126.jpg?pictureSize=W640|https://cdn.wallapop.com/images/10420/li/qy/__/c10420p1301280385/i6726263178.jpg?pictureSize=W640|https://cdn.wallapop.com/images/10420/li/qy/__/c10420p1301280385/i6726263194.jpg?pictureSize=W640|https://cdn.wallapop.com/images/10420/li/qy/__/c10420p1301280385/i6726263154.jpg?pictureSize=W640|https://cdn.wallapop.com/images/10420/li/qy/__/c10420p1301280385/i6726263112.jpg?pictureSize=W640|https://cdn.wallapop.com/images/10420/li/qy/__/c10420p1301280385/i6726263168.jpg?pictureSize=W640
Mástil Wingfoil Armstrong Performance 795mm MkII;1349.0;Alzira, 46600;"Mástil de wingfoil Armstrong Performance MkII de 795 mm. Diseñado para un rendimiento óptimo.13.8 mm . El más rígido del mercado . NUEVO CONDICION 10/10 .IMPECABLE CON TORNILLERIA Y FUNDA .REPIDO CONDICION 10/10 LO VENDO POR CAPRICHO DE PROBAR EL X

- Material: Carbono
- Modelo: Performance MkII
- Longitud: 795 mm
- Sistema: AO+";https://es.wallapop.com/item/mastil-wingfoil-armstrong-performance-795mm-mkii-1305579318;[];[];False;2026-09-28;Envío disponible;Disponible;https://cdn.wallapop.com/images/10420/ll/b3/__/c10420p1305579318/i6751194087.jpg?pictureSize=W640|https://cdn.wallapop.com/images/10420/ll/b3/__/c10420p1305579318/i6751194089.jpg?pictureSize=W640|https://cdn.wallapop.com/images/10420/ll/b3/__/c10420p1305579318/i6751194097.jpg?pictureSize=W640|https://cdn.wallapop.com/images/10420/ll/b3/__/c10420p1305579318/i6751194099.jpg?pictureSize=W640|https://cdn.wallapop.com/images/10420/ll/b3/__/c10420p1305579318/i6751194101.jpg?pictureSize=W640|https://cdn.wallapop.com/images/10420/ll/b3/__/c10420p1305579318/i6751194104.jpg?pictureSize=W640|https://cdn.wallapop.com/images/10420/ll/b3/__/c10420p1305579318/i6751194311.jpg?pictureSize=W640|https://cdn.wallapop.com/images/10420/ll/b3/__/c10420p1305579318/i6751194319.jpg?pictureSize=W640
Vela Wingfoil North Nova 4.8 m;600.0;Can Pastilla, 07610;"Vela de wingfoil North Nova de 4.8 metros.

- Color rojo con detalles naranjas.
- Diseño moderno y aerodinámico.
- Ventanas transparentes para visibilidad.";https://es.wallapop.com/item/vela-wingfoil-north-nova-4-8-m-1306279923;[];[4.8];False;2026-09-27;Envío disponible;Disponible;https://cdn.wallapop.com/images/10420/ll/q4/__/c10420p1306279923/i6754948569.jpg?pictureSize=W640|https://cdn.wallapop.com/images/10420/ll/q4/__/c10420p1306279923/i6754948575.jpg?pictureSize=W640|https://cdn.wallapop.com/images/10420/ll/q4/__/c10420p1306279923/i6754948577.jpg?pictureSize=W640|https://cdn.wallapop.com/images/10420/ll/q4/__/c10420p1306279923/i6754948576.jpg?pictureSize=W640
Estabilizador Wingfoil gong Fluid v2 l45 con fuse;125.0;Las Maravillas, 07610;"Estabilizador de carbono con fuselage para wingfoil.Estabilizador Wingfoil Carbono gong Fluid v2 l45.  Diseñado para mejorar el rendimiento y la estabilidad en el agua.

- Material: Carbono.
- Diseño aerodinámico.";https://es.wallapop.com/item/estabilizador-wingfoil-gong-fluid-v2-l45-con-fuse-1296912270;[];[];False;2026-08-31;Envío disponible;Disponible;https://cdn.wallapop.com/images/10420/lg/5b/__/c10420p1296912270/i6705065220.jpg?pictureSize=W640|https://cdn.wallapop.com/images/10420/lg/5b/__/c10420p1296912270/i6705065252.jpg?pictureSize=W640|https://cdn.wallapop.com/images/10420/lg/5b/__/c10420p1296912270/i6705065273.jpg?pictureSize=W640
Foil Wingfoil WNG500 1500 cm²;450.0;Donostia-San Sebastián, 20018;"Item: 788159
Marca: DECATHLON
Producto disponible en la tienda San Sebastián.
Muy Bueno - Producto completo. Funcional y 100% seguro. El producto puede tener ligeros defectos estéticos: marcas, arañazos.
foil ; Stand up paddle olas
Garantía de 3 años.
#segundamanodeca246";https://es.wallapop.com/item/foil-wingfoil-wng500-1500cm-1290837210;[];[];False;2026-09-28;Envío disponible;Disponible;https://cdn.wallapop.com/images/10420/lc/j4/__/c10420p1290837210/i6677771597.jpg?pictureSize=W640|https://cdn.wallapop.com/images/10420/lc/j4/__/c10420p1290837210/i6677771523.jpg?pictureSize=W640|https://cdn.wallapop.com/images/10420/lc/j4/__/c10420p1290837210/i6677771551.jpg?pictureSize=W640|https://cdn.wallapop.com/images/10420/lc/j4/__/c10420p1290837210/i6677771559.jpg?pictureSize=W640|https://cdn.wallapop.com/images/10420/lc/j4/__/c10420p1290837210/i6677771571.jpg?pictureSize=W640
Mástil North HM 80 Carbono Wingfoil;850.0;Chiclana de la Frontera, 11130;"Mástil de carbono North HM 80 para wingfoil. Incluye funda protectora.

- Material: Carbono HM80.
- Marca: North.
- Modelo: Sonar.";https://es.wallapop.com/item/mastil-north-hm-80-carbono-wingfoil-1299130013;[];[];False;2026-09-07;Envío disponible;Disponible;https://cdn.wallapop.com/images/10420/lh/gv/__/c10420p1299130013/i6715877120.jpg?pictureSize=W640
Tabla Wingfoil Axis Froth 4.10 Foilboard;800.0;Sant Cugat del Vallès, 08172;"Tabla de wingfoil Axis Froth 4.10 X24’’ Carbon 75l en color rojo.

- Tabla de wingfoil.
- Modelo: Froth 4.10.
- Color: Rojo.
- Funda incluida pero una parte de la cremallera está rota.";https://es.wallapop.com/item/tabla-wingfoil-axis-froth-4-10-foilboard-1303455627;[75];[];False;2026-09-19;Envío disponible;Disponible;https://cdn.wallapop.com/images/10420/lk/1k/__/c10420p1303455627/i6739361452.jpg?pictureSize=W640|https://cdn.wallapop.com/images/10420/lk/1k/__/c10420p1303455627/i6739361475.jpg?pictureSize=W640|https://cdn.wallapop.com/images/10420/lk/1k/__/c10420p1303455627/i6739361492.jpg?pictureSize=W640|https://cdn.wallapop.com/images/10420/lk/1k/__/c10420p1303455627/i6739361482.jpg?pictureSize=W640|https://cdn.wallapop.com/images/10420/lk/1k/__/c10420p1303455627/i6739361466.jpg?pictureSize=W640|https://cdn.wallapop.com/images/10420/lk/1k/__/c10420p1303455627/i6739361510.jpg?pictureSize=W640|https://cdn.wallapop.com/images/10420/lk/1k/__/c10420p1303455627/i6739361499.jpg?pictureSize=W640|https://cdn.wallapop.com/images/10420/lk/1k/__/c10420p1303455627/i6739361489.jpg?pictureSize=W640|https://cdn.wallapop.com/images/10420/lk/1k/__/c10420p1303455627/i6739407377.jpg?pictureSize=W640|https://cdn.wallapop.com/images/10420/lk/1k/__/c10420p1303455627/i6739410752.jpg?pictureSize=W640
F-One EagleX 700 Wingfoil;780.0;Benicasim, 12560;"Foil de wingfoil F-One modelo EagleX 700, con un diseño estilizado y acabado en carbono.

- super rapido y estable ..
- Perfil aerodinámico optimizado.
- en olas va muy muy fino";https://es.wallapop.com/item/f-one-eaglex-700-wingfoil-1306513837;[];[];False;2026-09-27;Envío disponible;Disponible;https://cdn.wallapop.com/images/10420/ll/v4/__/c10420p1306513837/i6755927896.jpg?pictureSize=W640|https://cdn.wallapop.com/images/10420/ll/v4/__/c10420p1306513837/i6755927924.jpg?pictureSize=W640|https://cdn.wallapop.com/images/10420/ll/v4/__/c10420p1306513837/i6755927944.jpg?pictureSize=W640|https://cdn.wallapop.com/images/10420/ll/v4/__/c10420p1306513837/i6755927971.jpg?pictureSize=W640|https://cdn.wallapop.com/images/10420/ll/v4/__/c10420p1306513837/i6755927997.jpg?pictureSize=W640|https://cdn.wallapop.com/images/10420/ll/v4/__/c10420p1306513837/i6755928014.jpg?pictureSize=W640|https://cdn.wallapop.com/images/10420/ll/v4/__/c10420p1306513837/i6755928028.jpg?pictureSize=W640|https://cdn.wallapop.com/images/10420/ll/v4/__/c10420p1306513837/i6755928050.jpg?pictureSize=W640|https://cdn.wallapop.com/images/10420/ll/v4/__/c10420p1306513837/i6755928072.jpg?pictureSize=W640|https://cdn.wallapop.com/images/10420/ll/v4/__/c10420p1306513837/i6755928092.jpg?pictureSize=W640
Tabla Wingfoil Duotone Downwinder Air;699.0;Camallera, 17465;"Tabla de wingfoil Duotone Downwinder Air con un diseño estilizado y acabado en tonos rojizos.

- Pad antideslizante en dos colores.
- Válvula de inflado integrada en la parte posterior.
- Logotipo de la marca en la zona superior.";https://es.wallapop.com/item/tabla-wingfoil-duotone-downwinder-air-1306077197;[];[];False;2026-09-26;Envío disponible;Disponible;https://cdn.wallapop.com/images/10420/ll/lr/__/c10420p1306077197/i6753907194.jpg?pictureSize=W640|https://cdn.wallapop.com/images/10420/ll/lr/__/c10420p1306077197/i6753907208.jpg?pictureSize=W640|https://cdn.wallapop.com/images/10420/ll/lr/__/c10420p1306077197/i6753907218.jpg?pictureSize=W640|https://cdn.wallapop.com/images/10420/ll/lr/__/c10420p1306077197/i6753907232.jpg?pictureSize=W640|https://cdn.wallapop.com/images/10420/ll/lr/__/c10420p1306077197/i6753907241.jpg?pictureSize=W640|https://cdn.wallapop.com/images/10420/ll/lr/__/c10420p1306077197/i6753907253.jpg?pictureSize=W640|https://cdn.wallapop.com/images/10420/ll/lr/__/c10420p1306077197/i6753907272.jpg?pictureSize=W640|https://cdn.wallapop.com/images/10420/ll/lr/__/c10420p1306077197/i6753907294.jpg?pictureSize=W640|https://cdn.wallapop.com/images/10420/ll/lr/__/c10420p1306077197/i6753907313.jpg?pictureSize=W640
Capacete Wingfoil / Kite / Windsurf Preto;55.0;Ericeira, 2655-006;"Capacete para desportos aquáticos como wingfoil, kite ou windsurf. 
Marca Ion. 
Tamanho M-L
360 degree fit system";https://es.wallapop.com/item/capacete-wingfoil-kite-windsurf-preto-1307081795;[];[];False;2026-09-29;Envío disponible;Disponible;https://cdn.wallapop.com/images/10420/lm/7a/__/c10420p1307081795/i6759073571.jpg?pictureSize=W640|https://cdn.wallapop.com/images/10420/lm/7a/__/c10420p1307081795/i6759073588.jpg?pictureSize=W640|https://cdn.wallapop.com/images/10420/lm/7a/__/c10420p1307081795/i6759073601.jpg?pictureSize=W640|https://cdn.wallapop.com/images/10420/lm/7a/__/c10420p1307081795/i6759073619.jpg?pictureSize=W640|https://cdn.wallapop.com/images/10420/lm/7a/__/c10420p1307081795/i6759073631.jpg?pictureSize=W640
Arnés ION Arc (wingfoil-parawing);85.0;Tarifa, 11380;"Arnés ION Arc en talla S-M. 
En perfecto estado, usado unas 5 sessiones 

Lo vendo por cambio a Arnés Jam";https://es.wallapop.com/item/arnes-ion-arc-wingfoil-parawing-1306767859;[];[];False;2026-09-28;Envío disponible;Disponible;https://cdn.wallapop.com/images/10420/lm/0k/__/c10420p1306767859/i6757307505.jpg?pictureSize=W640|https://cdn.wallapop.com/images/10420/lm/0k/__/c10420p1306767859/i6757307661.jpg?pictureSize=W640|https://cdn.wallapop.com/images/10420/lm/0k/__/c10420p1306767859/i6757307623.jpg?pictureSize=W640|https://cdn.wallapop.com/images/10420/lm/0k/__/c10420p1306767859/i6757307602.jpg?pictureSize=W640|https://cdn.wallapop.com/images/10420/lm/0k/__/c10420p1306767859/i6757307572.jpg?pictureSize=W640|https://cdn.wallapop.com/images/10420/lm/0k/__/c10420p1306767859/i6757307704.jpg?pictureSize=W640
Wingfoil Starboard Nitro Pro 5m;400.0;Guadalajara, 19005;"Nuevo a estrenar!!
Wing foil Starboard Nitro Pro de 5 metros. Ideal para la práctica de wing foil.
- Incluye leash 

Posibilidad de hacer PACK con 2 tablas AK (74l y 105l), AK foil de carbono (1600) y 3 wings Starboard (4m/5m/6m)  para mas informacion contacta conmigo. 
Mas fotos en mi perfil.";https://es.wallapop.com/item/wingfoil-starboard-nitro-pro-5m-1302055305;[74, 105];[4, 5, 6];False;2026-09-15;Envío disponible;Disponible;https://cdn.wallapop.com/images/10420/lj/7k/__/c10420p1302055305/i6729773419.jpg?pictureSize=W640|https://cdn.wallapop.com/images/10420/lj/7k/__/c10420p1302055305/i6729773431.jpg?pictureSize=W640|https://cdn.wallapop.com/images/10420/lj/7k/__/c10420p1302055305/i6729773440.jpg?pictureSize=W640
REBAJADO Ala Wingfoil FLUID XXLS 96 CARBONO V2;125.0;Cas Catala, 07181;"Ala de wingfoil FLUID XXLS 96 de carbono.
Ideal perfecionamiento y aprendizaje. Lijeras marca que salen en la foto. No afectan a la navegacion ni al rendimiento 175€
- Modelo: V2
- Tamaño: 1750 cm²
- Material: Carbono";https://es.wallapop.com/item/ala-wingfoil-fluid-xxls-96-carbono-v2-1287410152;[];[];False;2026-09-11;Envío disponible;Disponible;https://cdn.wallapop.com/images/10420/la/ho/__/c10420p1287410152/i6652145242.jpg?pictureSize=W640|https://cdn.wallapop.com/images/10420/la/ho/__/c10420p1287410152/i6652145246.jpg?pictureSize=W640|https://cdn.wallapop.com/images/10420/la/ho/__/c10420p1287410152/i6652145248.jpg?pictureSize=W640|https://cdn.wallapop.com/images/10420/la/ho/__/c10420p1287410152/i6652145252.jpg?pictureSize=W640|https://cdn.wallapop.com/images/10420/la/ho/__/c10420p1287410152/i6652145253.jpg?pictureSize=W640|https://cdn.wallapop.com/images/10420/la/ho/__/c10420p1287410152/i6652145250.jpg?pictureSize=W640|https://cdn.wallapop.com/images/10420/la/ho/__/c10420p1287410152/i6652145255.jpg?pictureSize=W640|https://cdn.wallapop.com/images/10420/la/ho/__/c10420p1287410152/i6652145256.jpg?pictureSize=W640|https://cdn.wallapop.com/images/10420/la/ho/__/c10420p1287410152/i6652145257.jpg?pictureSize=W640
Ala Wingfoil Cabrinha Mantis 4.5;220.0;Fuenlabrada, 28940;"Ala de wingfoil Cabrinha Mantis de 4.5 metros cuadrados. Lo único que tiene es una costura que se estaba yendo, reparada por un profesional. Se ha seguido usando sin problema.
Le queda mucha vida. 
Se puede enviar o dar en mano en Alicante o Madrid con tiempo.
Sin leash.
- Color: Rojo y negro
- Diseño: Mantis con asas rigidas";https://es.wallapop.com/item/ala-wingfoil-cabrinha-mantis-4-5-1302019221;[];[4.5];False;2026-09-25;Envío disponible;Disponible;https://cdn.wallapop.com/images/10420/lj/6s/__/c10420p1302019221/i6729600541.jpg?pictureSize=W640|https://cdn.wallapop.com/images/10420/lj/6s/__/c10420p1302019221/i6729600719.jpg?pictureSize=W640|https://cdn.wallapop.com/images/10420/lj/6s/__/c10420p1302019221/i6729600673.jpg?pictureSize=W640|https://cdn.wallapop.com/images/10420/lj/6s/__/c10420p1302019221/i6729600757.jpg?pictureSize=W640|https://cdn.wallapop.com/images/10420/lj/6s/__/c10420p1302019221/i6729600631.jpg?pictureSize=W640|https://cdn.wallapop.com/images/10420/lj/6s/__/c10420p1302019221/i6729600805.jpg?pictureSize=W640
Tabla Wingfoil Reedin Feather 35;450.0;Tarifa, 11380;"Tabla de wingfoil y surfoil Reedin Feather 35, con un diseño estilizado y deportivo.

- Dimensiones: 4'7 x 20 x 4 1/4.
- Volumen: 35L.
- Construcción en carbono resistente.

Características:
Dimensions: 4'1 ""X 20°1/2x3""5/8
124.5x52.1x7.0cm
Volume:35L
Bottom: Triple concave
Deck: Concave w/convexnose
Tail: Kicked
Construction: EPS Carbon Sandwich";https://es.wallapop.com/item/tabla-wingfoil-reedin-feather-35-1306727428;[35];[];False;2026-09-28;Envío disponible;Disponible;https://cdn.wallapop.com/images/10420/ll/zp/__/c10420p1306727428/i6757082910.jpg?pictureSize=W640|https://cdn.wallapop.com/images/10420/ll/zp/__/c10420p1306727428/i6757082974.jpg?pictureSize=W640|https://cdn.wallapop.com/images/10420/ll/zp/__/c10420p1306727428/i6757082979.jpg?pictureSize=W640
Gaastra Poison Wingfoil 4.7 m2;500.0;L' Estartit, 17258;"Wingfoil Gaastra Poison de 4.7 m2,  prototipo  
- Tamaño: 4.7 m²  
- Ideal para olas freestyle o freeride. 
- Wing muy dinámico. 
-  Incluye el Boom de carbono divisible en 2 partes para viajar.  
- Incluye Leash.
- Incluye bolsa de transporte extensible y Kit de reparación.";https://es.wallapop.com/item/gaastra-poison-wingfoil-4-7-m2-1275559573;[];[4.7];False;2026-08-28;Envío disponible;Disponible;https://cdn.wallapop.com/images/10420/l3/fo/__/c10420p1275559573/i6578194681.jpg?pictureSize=W640|https://cdn.wallapop.com/images/10420/l3/fo/__/c10420p1275559573/i6578194686.jpg?pictureSize=W640|https://cdn.wallapop.com/images/10420/l3/fo/__/c10420p1275559573/i6578194693.jpg?pictureSize=W640|https://cdn.wallapop.com/images/10420/l3/fo/__/c10420p1275559573/i6578194695.jpg?pictureSize=W640|https://cdn.wallapop.com/images/10420/l3/fo/__/c10420p1275559573/i6578194694.jpg?pictureSize=W640|https://cdn.wallapop.com/images/10420/l3/fo/__/c10420p1275559573/i6578194696.jpg?pictureSize=W640|https://cdn.wallapop.com/images/10420/l3/fo/__/c10420p1275559573/i6578194698.jpg?pictureSize=W640
Tabla Wingfoil JP Australia X-Winger IPR 5'0x27;500.0;La Cala del Moral, 29720;"Tabla wingfoil JP Australia X-Winger IPR 5'0""x27"", 95 L. Comprada agosto 2025, una temporada de uso, buen estado. Construcción IPR, robusta y ligera: despegues rápidos y tolerante, ideal para iniciarse al foil o progresar. Inserts para footstraps y tapón de leash.

Tiene un pequeño desconchón superficial en el canto del fondo (en fotos): no entra agua ni afecta, es solo estético. Sin delaminaciones ni reparaciones.

De regalo: footstraps JP y funda (con una cremallera rota, pero protege bien).
Venta por cambio a menos litros.
Rincón de la Victoria. Solo en persona.";https://es.wallapop.com/item/tabla-wingfoil-jp-australia-x-winger-ipr-5-0x27-1295869930;[95];[];False;2026-09-28;Envío disponible;Disponible;https://cdn.wallapop.com/images/10420/lf/iz/__/c10420p1295869930/i6700437939.jpg?pictureSize=W640|https://cdn.wallapop.com/images/10420/lf/iz/__/c10420p1295869930/i6700437976.jpg?pictureSize=W640|https://cdn.wallapop.com/images/10420/lf/iz/__/c10420p1295869930/i6700437974.jpg?pictureSize=W640|https://cdn.wallapop.com/images/10420/lf/iz/__/c10420p1295869930/i6700437968.jpg?pictureSize=W640|https://cdn.wallapop.com/images/10420/lf/iz/__/c10420p1295869930/i6700437984.jpg?pictureSize=W640|https://cdn.wallapop.com/images/10420/lf/iz/__/c10420p1295869930/i6700437952.jpg?pictureSize=W640|https://cdn.wallapop.com/images/10420/lf/iz/__/c10420p1295869930/i6700437987.jpg?pictureSize=W640|https://cdn.wallapop.com/images/10420/lf/iz/__/c10420p1295869930/i6700438004.jpg?pictureSize=W640|https://cdn.wallapop.com/images/10420/lf/iz/__/c10420p1295869930/i6756335711.jpg?pictureSize=W640
Tabla Wingfoil 4'11;330.0;Moreaga, 48600;"Tabla de wingfoil de 4 pies y 11 pulgadas. Diseñada para la práctica de wingfoiling.
85 litros Fabricada en carbono con inserts para footstraps peso 6,300

- Color azul con detalles en gris.
- Superficie con grip texturizado.";https://es.wallapop.com/item/tabla-wingfoil-4-11-1288061392;[85];[];False;2026-09-29;Envío disponible;Disponible;https://cdn.wallapop.com/images/10420/la/vm/__/c10420p1288061392/i6657494773.jpg?pictureSize=W640|https://cdn.wallapop.com/images/10420/la/vm/__/c10420p1288061392/i6657494949.jpg?pictureSize=W640|https://cdn.wallapop.com/images/10420/la/vm/__/c10420p1288061392/i6657495023.jpg?pictureSize=W640
Mástil Wingfoil Fone Carbon HM 85cm;790.0;Cadenes, 07600;"Mástil de wingfoil Fone de carbono HM.
Muy cuidado, impecable, unico dueño.
Menos de 1 verano de uso

- Longitud: 85 cm.
- Grosor: 14 mm.";https://es.wallapop.com/item/mastil-wingfoil-fone-carbon-hm-85cm-1307122150;[];[];False;2026-09-29;Envío disponible;Disponible;https://cdn.wallapop.com/images/10420/lm/85/__/c10420p1307122150/i6759294735.jpg?pictureSize=W640|https://cdn.wallapop.com/images/10420/lm/85/__/c10420p1307122150/i6759294764.jpg?pictureSize=W640|https://cdn.wallapop.com/images/10420/lm/85/__/c10420p1307122150/i6759294777.jpg?pictureSize=W640|https://cdn.wallapop.com/images/10420/lm/85/__/c10420p1307122150/i6759294790.jpg?pictureSize=W640
Pack Premium Wingfoil: Foil Completo Carbono MFC H;1099.0;Palma de Mallorca, 07012;"Vendo equipo completo de Wingfoil / Surf-foil de gama alta en perfecto estado estético y funcional. Material en muy buen estado, sin golpes, fisuras ni roturas estructurales de ningún tipo
.El pack incluye:
Mástil: MFC Hydrosmast C92 (92 cm) de carbono estructural de alta rigidez.
Fuselaje: MFC Hydros 58 (58 cm) moldeado íntegramente en carbono para máxima ligereza.
Ala Delantera: The Hydrofoil Company de carbono, diseñada para planeo y sustentación.
Estabilizador: MFC Hydros BW200 (200 cm²) de carbono en perfecto estado.
Tabla: NKX Thruster (5'5"" / 90 Litros) de carbono/EPS con refuerzo extra en la pletina.";https://es.wallapop.com/item/pack-premium-wingfoil-foil-completo-carbono-mfc-h-1292965071;[90];[];False;2026-09-15;Envío disponible;Disponible;https://cdn.wallapop.com/images/10420/ld/sq/__/c10420p1292965071/i6686648235.jpg?pictureSize=W640|https://cdn.wallapop.com/images/10420/ld/sq/__/c10420p1292965071/i6686648256.jpg?pictureSize=W640|https://cdn.wallapop.com/images/10420/ld/sq/__/c10420p1292965071/i6686648271.jpg?pictureSize=W640|https://cdn.wallapop.com/images/10420/ld/sq/__/c10420p1292965071/i6686648287.jpg?pictureSize=W640|https://cdn.wallapop.com/images/10420/ld/sq/__/c10420p1292965071/i6686648297.jpg?pictureSize=W640|https://cdn.wallapop.com/images/10420/ld/sq/__/c10420p1292965071/i6686648320.jpg?pictureSize=W640|https://cdn.wallapop.com/images/10420/ld/sq/__/c10420p1292965071/i6686648329.jpg?pictureSize=W640|https://cdn.wallapop.com/images/10420/ld/sq/__/c10420p1292965071/i6686648347.jpg?pictureSize=W640|https://cdn.wallapop.com/images/10420/ld/sq/__/c10420p1292965071/i6686648359.jpg?pictureSize=W640|https://cdn.wallapop.com/images/10420/ld/sq/__/c10420p1292965071/i6686648371.jpg?pictureSize=W640
Tabla wingfoil AXIS BLAST 95L Carbon;900.0;Badia Blava, 07609;"Tabla AXIS BLAST de 95 litros, full carbono, refuerzo pvc. Está impecable, sin un arañazo. Una tabla impresionante, sin duda la mejor que he tenido nunca, y he pasado por muchos modelos y marcas. Rapidísima en el despegue, ágil y muy estable.  La vendo sólo porque he conseguido la misma tabla en 85l  ( yo peso 70 kg), ver última foto con las dos tablas.
Es una tabla increíble, muy dificil de conseguir en Europa y a un precio elevado. Comprada nueva en Julio del 2025 por 1.500 €, enseño factura a quien esté interesado.
La vendo por 900€, con funda original Axis y footstraps incluidos.";https://es.wallapop.com/item/tabla-axis-blast-95l-carbon-1291482423;[85, 95];[];False;2026-09-19;Envío disponible;Disponible;https://cdn.wallapop.com/images/10420/lc/wy/__/c10420p1291482423/i6678242662.jpg?pictureSize=W640|https://cdn.wallapop.com/images/10420/lc/wy/__/c10420p1291482423/i6678242676.jpg?pictureSize=W640|https://cdn.wallapop.com/images/10420/lc/wy/__/c10420p1291482423/i6678242694.jpg?pictureSize=W640|https://cdn.wallapop.com/images/10420/lc/wy/__/c10420p1291482423/i6678242705.jpg?pictureSize=W640|https://cdn.wallapop.com/images/10420/lc/wy/__/c10420p1291482423/i6678242722.jpg?pictureSize=W640|https://cdn.wallapop.com/images/10420/lc/wy/__/c10420p1291482423/i6678242737.jpg?pictureSize=W640|https://cdn.wallapop.com/images/10420/lc/wy/__/c10420p1291482423/i6678242749.jpg?pictureSize=W640|https://cdn.wallapop.com/images/10420/lc/wy/__/c10420p1291482423/i6678242761.jpg?pictureSize=W640|https://cdn.wallapop.com/images/10420/lc/wy/__/c10420p1291482423/i6678242785.jpg?pictureSize=W640|https://cdn.wallapop.com/images/10420/lc/wy/__/c10420p1291482423/i6678242810.jpg?pictureSize=W640
Chaleco impacto wingfoil, kite, wake, windsurf;75.0;Samano, 39709;"Chaleco de impacto SOÖRUZ, ideal para deportes acuáticos como wingfoil, kite, wakeboard y windsurf. Diseñado para ofrecer protección y libertad de movimiento. Como nuevo, sin marcas. Talla XL.

- Color negro con interior en verde lima
- Logo de la marca Soöruz en el pecho y en un lateral
- Paneles acolchados para mayor protección.
- Espacio para arnés de cintura";https://es.wallapop.com/item/chaleco-impacto-wingfoil-kite-wake-windsurf-1267637464;[];[];False;2026-09-20;Envío disponible;Disponible;https://cdn.wallapop.com/images/10420/ky/pv/__/c10420p1267637464/i6529490575.jpg?pictureSize=W640|https://cdn.wallapop.com/images/10420/ky/pv/__/c10420p1267637464/i6529490612.jpg?pictureSize=W640|https://cdn.wallapop.com/images/10420/ky/pv/__/c10420p1267637464/i6529490651.jpg?pictureSize=W640|https://cdn.wallapop.com/images/10420/ky/pv/__/c10420p1267637464/i6529490682.jpg?pictureSize=W640
Tabla Wingfoil Duotone Sky Style SLS 4.7;800.0;Tarifa, 11380;"Tabla de wingfoil Duotone Sky Style SLS de 4.7 metros y 55 litros.

- Modelo 2025.
- Diseño SLS.
- Color principal gris con detalles en rosa y blanco.";https://es.wallapop.com/item/tabla-wingfoil-duotone-sky-style-sls-4-7-1294676812;[55];[4.7];False;2026-09-06;Envío disponible;Disponible;https://cdn.wallapop.com/images/10420/le/tf/__/c10420p1294676812/i6694969629.jpg?pictureSize=W640|https://cdn.wallapop.com/images/10420/le/tf/__/c10420p1294676812/i6694969783.jpg?pictureSize=W640|https://cdn.wallapop.com/images/10420/le/tf/__/c10420p1294676812/i6694969765.jpg?pictureSize=W640|https://cdn.wallapop.com/images/10420/le/tf/__/c10420p1294676812/i6694969809.jpg?pictureSize=W640|https://cdn.wallapop.com/images/10420/le/tf/__/c10420p1294676812/i6694969715.jpg?pictureSize=W640|https://cdn.wallapop.com/images/10420/le/tf/__/c10420p1294676812/i6694969748.jpg?pictureSize=W640
Wingfoil windfoil tabou 135l magic carpet MTE;490.0;Pobla, 07420;".

- Diseño moderno con detalles en naranja y blanco.
- Incluye asas de footstraps negras.
- Superficie con textura para un mejor agarre.";https://es.wallapop.com/item/wingfoil-rrd-beluga-90l-1289585799;[135];[];False;2026-09-17;Envío disponible;Disponible;https://cdn.wallapop.com/images/10420/lb/sa/__/c10420p1289585799/i6667259243.jpg?pictureSize=W640|https://cdn.wallapop.com/images/10420/lb/sa/__/c10420p1289585799/i6667259487.jpg?pictureSize=W640|https://cdn.wallapop.com/images/10420/lb/sa/__/c10420p1289585799/i6686409350.jpg?pictureSize=W640|https://cdn.wallapop.com/images/10420/lb/sa/__/c10420p1289585799/i6667260119.jpg?pictureSize=W640|https://cdn.wallapop.com/images/10420/lb/sa/__/c10420p1289585799/i6667261168.jpg?pictureSize=W640|https://cdn.wallapop.com/images/10420/lb/sa/__/c10420p1289585799/i6667259311.jpg?pictureSize=W640
Vela Wingfoil Ocean Rodeo Alula 6m;350.0;Donostia-San Sebastián, 20011;"Vela de wingfoil Ocean Rodeo Alula de 6 metros. La vela más ligera del mercado. Muy potente . Incluye 2 tipos de asas duras de carbono y blandas.
2 reparaciones y un poro, aparecen en fotos. Bladers nuevos. Totalmente hecha en alula";https://es.wallapop.com/item/vela-wingfoil-ocean-rodeo-alula-6m-1292618325;[];[6];False;2026-09-22;Envío disponible;Disponible;https://cdn.wallapop.com/images/10420/ld/la/__/c10420p1292618325/i6684750837.jpg?pictureSize=W640|https://cdn.wallapop.com/images/10420/ld/la/__/c10420p1292618325/i6684750851.jpg?pictureSize=W640|https://cdn.wallapop.com/images/10420/ld/la/__/c10420p1292618325/i6684750869.jpg?pictureSize=W640|https://cdn.wallapop.com/images/10420/ld/la/__/c10420p1292618325/i6684750887.jpg?pictureSize=W640|https://cdn.wallapop.com/images/10420/ld/la/__/c10420p1292618325/i6684750906.jpg?pictureSize=W640|https://cdn.wallapop.com/images/10420/ld/la/__/c10420p1292618325/i6684750921.jpg?pictureSize=W640|https://cdn.wallapop.com/images/10420/ld/la/__/c10420p1292618325/i6684750932.jpg?pictureSize=W640|https://cdn.wallapop.com/images/10420/ld/la/__/c10420p1292618325/i6684750944.jpg?pictureSize=W640|https://cdn.wallapop.com/images/10420/ld/la/__/c10420p1292618325/i6684750951.jpg?pictureSize=W640|https://cdn.wallapop.com/images/10420/ld/la/__/c10420p1292618325/i6684750970.jpg?pictureSize=W640
Ala delantera  y  2 estabilizadores para wingfoil;275.0;Vilassar de Mar, 08340;Foil Gong curve 1200 v2 + 2 estabilitzadores + fuselage aluminio para mastil aluminio v2 i alas v2. Ideal para progresar;https://es.wallapop.com/item/foil-y-2-estabilizadores-1305019146;[];[];False;2026-09-28;Envío disponible;Disponible;https://cdn.wallapop.com/images/10420/lk/z3/__/c10420p1305019146/i6757959092.jpg?pictureSize=W640|https://cdn.wallapop.com/images/10420/lk/z3/__/c10420p1305019146/i6757959116.jpg?pictureSize=W640|https://cdn.wallapop.com/images/10420/lk/z3/__/c10420p1305019146/i6757959137.jpg?pictureSize=W640|https://cdn.wallapop.com/images/10420/lk/z3/__/c10420p1305019146/i6757959154.jpg?pictureSize=W640|https://cdn.wallapop.com/images/10420/lk/z3/__/c10420p1305019146/i6757959177.jpg?pictureSize=W640|https://cdn.wallapop.com/images/10420/lk/z3/__/c10420p1305019146/i6757959200.jpg?pictureSize=W640|https://cdn.wallapop.com/images/10420/lk/z3/__/c10420p1305019146/i6757959237.jpg?pictureSize=W640
Wingfoil Tabla;430.0;Doña Blanca-Poblado, 11500;"- Tabla Gong Hipe Perf 5'10. A ESTRENAR. Hinchador, funda..
- En mi perfil puedes ver más especificaciones de ambos artículos por separado.
El pack no incluye foil.
YA NO TENGO LA VELA.";https://es.wallapop.com/item/pack-wingfoil-tabla---vela-1290598860;[];[];False;2026-09-24;Envío disponible;Disponible;https://cdn.wallapop.com/images/10420/lc/e0/__/c10420p1290598860/i6673065598.jpg?pictureSize=W640|https://cdn.wallapop.com/images/10420/lc/e0/__/c10420p1290598860/i6673065622.jpg?pictureSize=W640|https://cdn.wallapop.com/images/10420/lc/e0/__/c10420p1290598860/i6673065637.jpg?pictureSize=W640|https://cdn.wallapop.com/images/10420/lc/e0/__/c10420p1290598860/i6673065644.jpg?pictureSize=W640|https://cdn.wallapop.com/images/10420/lc/e0/__/c10420p1290598860/i6673065654.jpg?pictureSize=W640
Tabla wingfoil F-One 44L Rocket;280.0;Saladar, 03700;"Tabla de wingfoil F-One en color naranja y amarillo.

- Diseño con pad antideslizante.
- Marca F-One.
- Rocket 4.8
- 44L
- 142*53,5";https://es.wallapop.com/item/tabla-wingfoil-f-one-44l-1301766029;[44];[];False;2026-09-14;Envío disponible;Disponible;https://cdn.wallapop.com/images/10420/lj/1d/__/c10420p1301766029/i6728380750.jpg?pictureSize=W640|https://cdn.wallapop.com/images/10420/lj/1d/__/c10420p1301766029/i6728380773.jpg?pictureSize=W640|https://cdn.wallapop.com/images/10420/lj/1d/__/c10420p1301766029/i6728380768.jpg?pictureSize=W640|https://cdn.wallapop.com/images/10420/lj/1d/__/c10420p1301766029/i6728380781.jpg?pictureSize=W640|https://cdn.wallapop.com/images/10420/lj/1d/__/c10420p1301766029/i6728380760.jpg?pictureSize=W640|https://cdn.wallapop.com/images/10420/lj/1d/__/c10420p1301766029/i6728380786.jpg?pictureSize=W640
Equipo completo wingfoil;980.0;Bueu, 36939;"Equipo completo para la práctica de wingfoil.

- Ala de wing de color naranja y negro de la marca f-one strice 5.0m con invento.
- Hinchador de 2 vias con medidor.
- Mochila para el ala.
- Tabla limit waves 80L
- Foil F-one gravity 1800 ideal para iniciarse.
- Mastil aliminio f-one 65cm.

Todo lo necesario para iniciarse.";https://es.wallapop.com/item/equipo-completo-wingfoil-1293713320;[80];[5];False;2026-08-30;Envío disponible;Disponible;https://cdn.wallapop.com/images/10420/le/8r/__/c10420p1293713320/i6690605415.jpg?pictureSize=W640|https://cdn.wallapop.com/images/10420/le/8r/__/c10420p1293713320/i6690606491.jpg?pictureSize=W640|https://cdn.wallapop.com/images/10420/le/8r/__/c10420p1293713320/i6690605887.jpg?pictureSize=W640|https://cdn.wallapop.com/images/10420/le/8r/__/c10420p1293713320/i6690605681.jpg?pictureSize=W640|https://cdn.wallapop.com/images/10420/le/8r/__/c10420p1293713320/i6690606340.jpg?pictureSize=W640|https://cdn.wallapop.com/images/10420/le/8r/__/c10420p1293713320/i6690606667.jpg?pictureSize=W640|https://cdn.wallapop.com/images/10420/le/8r/__/c10420p1293713320/i6690606725.jpg?pictureSize=W640|https://cdn.wallapop.com/images/10420/le/8r/__/c10420p1293713320/i6690606255.jpg?pictureSize=W640|https://cdn.wallapop.com/images/10420/le/8r/__/c10420p1293713320/i6690606000.jpg?pictureSize=W640|https://cdn.wallapop.com/images/10420/le/8r/__/c10420p1293713320/i6690606612.jpg?pictureSize=W640
Foil Eleveight Carbono Wingfoil 1450cm2;850.0;Murcia, 30002;"Vendo foil completo para wingfoil Eleveight RSF Carbono 1450cm2 ideal para tanto para iniciación/progresión por su gran superficie como para expertos en días de vientos flojos/medios.
Está en perfecto estado. Se ha usado muy poco (no llegará a 10 usos).
Siempre se ha quitado la sal con agua dulce.
- Ala delantera de 1450 cm2.
- Ala trasera 250cm2.
- Mástil de 85cm (da mayor margen para que las olas pasen entre las alas y la tabla).
- Incluye también el fuselaje, fundas de alas y bolsa de transporte.
Las medias de las alas, fuselaje y mástil están equilibradas (combian perfectas según Eleveigth).
Se puede ver sin compromiso.";https://es.wallapop.com/item/foil-eleveight-carbono-wingfoil-1450cm2-1298346663;[];[];False;2026-09-05;Envío disponible;Disponible;https://cdn.wallapop.com/images/10420/lh/02/__/c10420p1298346663/i6712225710.jpg?pictureSize=W640|https://cdn.wallapop.com/images/10420/lh/02/__/c10420p1298346663/i6712225731.jpg?pictureSize=W640|https://cdn.wallapop.com/images/10420/lh/02/__/c10420p1298346663/i6712225726.jpg?pictureSize=W640|https://cdn.wallapop.com/images/10420/lh/02/__/c10420p1298346663/i6712225725.jpg?pictureSize=W640|https://cdn.wallapop.com/images/10420/lh/02/__/c10420p1298346663/i6712225728.jpg?pictureSize=W640|https://cdn.wallapop.com/images/10420/lh/02/__/c10420p1298346663/i6712225727.jpg?pictureSize=W640|https://cdn.wallapop.com/images/10420/lh/02/__/c10420p1298346663/i6712225753.jpg?pictureSize=W640|https://cdn.wallapop.com/images/10420/lh/02/__/c10420p1298346663/i6712225754.jpg?pictureSize=W640|https://cdn.wallapop.com/images/10420/lh/02/__/c10420p1298346663/i6712225738.jpg?pictureSize=W640
Footstraps Tribord para Wingfoil y Windsurf;15.0;Sant Pere Pescador, 17470;"¡NUEVO A ESTRENAR CON SU PACKAGING! 
Footstraps de la marca Tribord diseñados para tablas de wingfoil en color negro.

- Talla única.
(Tornillos no incluidos)";https://es.wallapop.com/item/footstraps-tribord-para-wingfoil-y-windsurf-1305850591;[];[];False;2026-09-28;Envío disponible;Disponible;https://cdn.wallapop.com/images/10420/ll/gw/__/c10420p1305850591/i6752721471.jpg?pictureSize=W640
Superpack Wingfoil JP + Takoon + Wing;1999.0;Algeciras, 11202;"PACK COMPLETO DE WINGFOIL NUEVO A ESTRENAR 
Monta tu equipo a medida y empieza a navegar con material nuevo.
🏄 TABLA JP • 88 L
• 99 L
⚡ FOIL TAKOON • 1450
• 1250
🌊 WING • 4.0 m
• 5.0 m
• 6.0 m
💥 PRECIO DEL PACK COMPLETO: 1.999 €
🎁 REGALO incluido 🚚 PORTES GRATIS 🆕 Todo el material NUEVO, SIN ESTRENAR
Puedes elegir las medidas según tu peso, nivel y condiciones habituales de navegación.
📩 Dime tu peso, nivel y dónde sueles navegar y te recomiendo la combinación más adecuada.
Ideal tanto para iniciarse en Wingfoil como para quien busca renovar equipo.
📦 Envío a toda España.
UNIDADES LIMITADAS.";https://es.wallapop.com/item/superpack-wingfoil-jp---takoon---wing-1301118530;[88, 99];[4, 5, 6];False;2026-09-12;Envío disponible;Disponible;https://cdn.wallapop.com/images/10420/li/nh/__/c10420p1301118530/i6725574431.jpg?pictureSize=W640
Tabla Wingfoil KT Drifter 80L;520.0;Girona, 17001;"Tabla de wingfoil KT Drifter con 80 litros de volumen. Año 2023.
Si buscas una tabla que combine velocidad, maniobrabilidad y facilidad de uso, esta es una gran opción. Apta para cualquier nivel.
Vendo por bajar de litros. 
Muy buen estado.
Se incluyen straps.
Precio no negociable.";https://es.wallapop.com/item/tabla-wingfoil-kt-drifter-80l-1293689740;[80];[];False;2026-09-26;Envío disponible;Disponible;https://cdn.wallapop.com/images/10420/le/89/__/c10420p1293689740/i6690502294.jpg?pictureSize=W640|https://cdn.wallapop.com/images/10420/le/89/__/c10420p1293689740/i6690502314.jpg?pictureSize=W640|https://cdn.wallapop.com/images/10420/le/89/__/c10420p1293689740/i6690502317.jpg?pictureSize=W640|https://cdn.wallapop.com/images/10420/le/89/__/c10420p1293689740/i6690502308.jpg?pictureSize=W640
Tabla Wingfoil Eleveight Evolve V4 75L;900.0;Roses, 17480;"Tabla de wingfoil Eleveight Evolve V4 fabricada en carbono, modelo 2026

- Volumen de 75L.
- Medida de 5'0.

Precio negociable";https://es.wallapop.com/item/tabla-wingfoil-eleveight-evolve-v4-75l-1306926094;[75];[];False;2026-09-29;Envío disponible;Disponible;https://cdn.wallapop.com/images/10420/lm/3y/__/c10420p1306926094/i6758115035.jpg?pictureSize=W640|https://cdn.wallapop.com/images/10420/lm/3y/__/c10420p1306926094/i6758115086.jpg?pictureSize=W640|https://cdn.wallapop.com/images/10420/lm/3y/__/c10420p1306926094/i6758115112.jpg?pictureSize=W640|https://cdn.wallapop.com/images/10420/lm/3y/__/c10420p1306926094/i6758115073.jpg?pictureSize=W640
Vela Wingfoil Starboard Nitro 5m;325.0;Doña Violeta, 11139;"Vela de wingfoil Starboard Nitro de 5 metros. Diseñada para ofrecer un rendimiento óptimo en el agua.

- Color blanco y negro con detalles en azul.
- Material resistente y duradero.
- Incluye asas de sujeción.";https://es.wallapop.com/item/vela-wingfoil-starboard-nitro-5m-1291268739;[];[5];False;2026-09-16;Envío disponible;Disponible;https://cdn.wallapop.com/images/10420/lc/sd/__/c10420p1291268739/i6677101135.jpg?pictureSize=W640|https://cdn.wallapop.com/images/10420/lc/sd/__/c10420p1291268739/i6677101168.jpg?pictureSize=W640|https://cdn.wallapop.com/images/10420/lc/sd/__/c10420p1291268739/i6677101161.jpg?pictureSize=W640|https://cdn.wallapop.com/images/10420/lc/sd/__/c10420p1291268739/i6677101176.jpg?pictureSize=W640|https://cdn.wallapop.com/images/10420/lc/sd/__/c10420p1291268739/i6677101197.jpg?pictureSize=W640|https://cdn.wallapop.com/images/10420/lc/sd/__/c10420p1291268739/i6677101145.jpg?pictureSize=W640|https://cdn.wallapop.com/images/10420/lc/sd/__/c10420p1291268739/i6677101192.jpg?pictureSize=W640|https://cdn.wallapop.com/images/10420/lc/sd/__/c10420p1291268739/i6677101159.jpg?pictureSize=W640
Wing Cabrinha Mantis 5m wingfoil;295.0;Sevilla, 41018;"Wing de wingfoil Cabrinha Mantis de 5 metros.

- Color rojo y blanco.
- Diseño moderno y aerodinámico.
- Una verdadera todoterreno.
- Asas duras";https://es.wallapop.com/item/wing-cabrinha-mantis-5m-wingfoil-1303860232;[];[5];False;2026-09-29;Envío disponible;Disponible;https://cdn.wallapop.com/images/10420/lk/a8/__/c10420p1303860232/i6741722687.jpg?pictureSize=W640|https://cdn.wallapop.com/images/10420/lk/a8/__/c10420p1303860232/i6741722737.jpg?pictureSize=W640|https://cdn.wallapop.com/images/10420/lk/a8/__/c10420p1303860232/i6741722745.jpg?pictureSize=W640|https://cdn.wallapop.com/images/10420/lk/a8/__/c10420p1303860232/i6741722720.jpg?pictureSize=W640|https://cdn.wallapop.com/images/10420/lk/a8/__/c10420p1303860232/i6741722701.jpg?pictureSize=W640|https://cdn.wallapop.com/images/10420/lk/a8/__/c10420p1303860232/i6741722710.jpg?pictureSize=W640|https://cdn.wallapop.com/images/10420/lk/a8/__/c10420p1303860232/i6741722756.jpg?pictureSize=W640
Foil Wingfoil Fanatic Aero 1750;850.0;Barcelona, 08022;"Ala de foil Fanatic Aero 1750 para wingfoil.
Estabilizador 300
- Diseño de alto aspecto (High Aspect).
- Material: Carbono.
- Mastil 82cm aluminio";https://es.wallapop.com/item/foil-wingfoil-fanatic-aero-1750-1304121204;[];[];False;2026-09-21;Envío disponible;Disponible;https://cdn.wallapop.com/images/10420/lk/fu/__/c10420p1304121204/i6742895934.jpg?pictureSize=W640|https://cdn.wallapop.com/images/10420/lk/fu/__/c10420p1304121204/i6742895938.jpg?pictureSize=W640|https://cdn.wallapop.com/images/10420/lk/fu/__/c10420p1304121204/i6742895952.jpg?pictureSize=W640|https://cdn.wallapop.com/images/10420/lk/fu/__/c10420p1304121204/i6742895936.jpg?pictureSize=W640|https://cdn.wallapop.com/images/10420/lk/fu/__/c10420p1304121204/i6742895955.jpg?pictureSize=W640|https://cdn.wallapop.com/images/10420/lk/fu/__/c10420p1304121204/i6742895943.jpg?pictureSize=W640|https://cdn.wallapop.com/images/10420/lk/fu/__/c10420p1304121204/i6742895948.jpg?pictureSize=W640
F-one Strike V.5 5.5 Wingfoil;400.0;Castellón de la Plana/Castelló de la Plana, 12001;"Wingfoil F-one Strike V.5 de 5.5. Buen estado en general, nada de reparaciones o agujeros, no están incluidas las asas ni la barra. La entrego sin la mochila, me la quitaron en la playa.

- Modelo: Strike V.5
- Tamaño: 5.5 m²
- Marca: F-one";https://es.wallapop.com/item/f-one-strike-v-5-5-5-wingfoil-1292941219;[];[5.5];False;2026-09-27;Envío disponible;Disponible;https://cdn.wallapop.com/images/10420/ld/s7/__/c10420p1292941219/i6686532871.jpg?pictureSize=W640|https://cdn.wallapop.com/images/10420/ld/s7/__/c10420p1292941219/i6686532916.jpg?pictureSize=W640|https://cdn.wallapop.com/images/10420/ld/s7/__/c10420p1292941219/i6686532971.jpg?pictureSize=W640|https://cdn.wallapop.com/images/10420/ld/s7/__/c10420p1292941219/i6686533027.jpg?pictureSize=W640|https://cdn.wallapop.com/images/10420/ld/s7/__/c10420p1292941219/i6686533082.jpg?pictureSize=W640|https://cdn.wallapop.com/images/10420/ld/s7/__/c10420p1292941219/i6686533133.jpg?pictureSize=W640|https://cdn.wallapop.com/images/10420/ld/s7/__/c10420p1292941219/i6686533166.jpg?pictureSize=W640|https://cdn.wallapop.com/images/10420/ld/s7/__/c10420p1292941219/i6686533212.jpg?pictureSize=W640|https://cdn.wallapop.com/images/10420/ld/s7/__/c10420p1292941219/i6686533277.jpg?pictureSize=W640
Duotone Fusion Carbon Handles Wingfoil;25.0;Asti, 14100;"Maniglie Duotone Fusion Carbon per wing

Usate con segni di usura. La maniglia frontale presente distaccamento/assenza di parte del grip
Viteria presente, mancano tappini 

Ideali come scorta o da rigrippare";https://es.wallapop.com/item/duotone-fusion-carbon-handles-1305730778;[];[];False;2026-09-27;Envío disponible;Disponible;https://cdn.wallapop.com/images/10420/ll/ec/__/c10420p1305730778/i6752094278.jpg?pictureSize=W640
Vela WingFoil SPS 4m;250.0;Can Pastilla, 07610;"Wing SPS de 4 metros, ideal si quieres iniciarte en este deporte.

- Diseño en color azul y negro.
- Ventanas transparentes para visibilidad.";https://es.wallapop.com/item/wing-sps-4m-1306694915;[];[4];False;2026-09-28;Envío disponible;Disponible;https://cdn.wallapop.com/images/10420/ll/z0/__/c10420p1306694915/i6756908047.jpg?pictureSize=W640|https://cdn.wallapop.com/images/10420/ll/z0/__/c10420p1306694915/i6756908056.jpg?pictureSize=W640|https://cdn.wallapop.com/images/10420/ll/z0/__/c10420p1306694915/i6756908055.jpg?pictureSize=W640|https://cdn.wallapop.com/images/10420/ll/z0/__/c10420p1306694915/i6756908057.jpg?pictureSize=W640|https://cdn.wallapop.com/images/10420/ll/z0/__/c10420p1306694915/i6756908060.jpg?pictureSize=W640
Tabla Hinchable Wingfoil Reedin 182L;350.0;Jerez de la Frontera, 11401;"Reedin I Feather 182 (182L) - Tabla de wing foil hinchable en excelente estado. Medidas: 6'1"" x 32"" x 6"". Ideal para progresión y máxima estabilidad gracias a su gran volumen.
Cuenta con placa de carbono para una rigidez superior, construcción Fusion Dropstitch y raíles de doble capa. Deck pad completo y múltiples posiciones de footstraps.
Se entrega con su mochila de transporte original. ¡La comodidad de un hinchable con sensaciones de rígida! Escríbeme para cualquier duda.";https://es.wallapop.com/item/tabla-hinchable-wingfoil-reedin-182l-1306680683;[182];[];False;2026-09-28;Envío disponible;Disponible;https://cdn.wallapop.com/images/10420/ll/yp/__/c10420p1306680683/i6756831432.jpg?pictureSize=W640|https://cdn.wallapop.com/images/10420/ll/yp/__/c10420p1306680683/i6756831449.jpg?pictureSize=W640|https://cdn.wallapop.com/images/10420/ll/yp/__/c10420p1306680683/i6756831458.jpg?pictureSize=W640|https://cdn.wallapop.com/images/10420/ll/yp/__/c10420p1306680683/i6756831467.jpg?pictureSize=W640|https://cdn.wallapop.com/images/10420/ll/yp/__/c10420p1306680683/i6756831486.jpg?pictureSize=W640|https://cdn.wallapop.com/images/10420/ll/yp/__/c10420p1306680683/i6756831506.jpg?pictureSize=W640|https://cdn.wallapop.com/images/10420/ll/yp/__/c10420p1306680683/i6756831525.jpg?pictureSize=W640|https://cdn.wallapop.com/images/10420/ll/yp/__/c10420p1306680683/i6756831533.jpg?pictureSize=W640|https://cdn.wallapop.com/images/10420/ll/yp/__/c10420p1306680683/i6756831544.jpg?pictureSize=W640|https://cdn.wallapop.com/images/10420/ll/yp/__/c10420p1306680683/i6756831558.jpg?pictureSize=W640
Vela Wingfoil North 7m 2024;400.0;Son Carrio, 07540;"Vela de wingfoil North de 7 metros, modelo 2024. Diseñada para ofrecer un rendimiento óptimo.

- Auténtico producto North.
- Fabricada en Sri Lanka.";https://es.wallapop.com/item/vela-wingfoil-north-7m-2024-1291527203;[];[7];False;2026-08-15;Envío disponible;Disponible;https://cdn.wallapop.com/images/10420/lc/xw/__/c10420p1291527203/i6678434159.jpg?pictureSize=W640|https://cdn.wallapop.com/images/10420/lc/xw/__/c10420p1291527203/i6678434224.jpg?pictureSize=W640|https://cdn.wallapop.com/images/10420/lc/xw/__/c10420p1291527203/i6678434234.jpg?pictureSize=W640|https://cdn.wallapop.com/images/10420/lc/xw/__/c10420p1291527203/i6678434237.jpg?pictureSize=W640|https://cdn.wallapop.com/images/10420/lc/xw/__/c10420p1291527203/i6678434245.jpg?pictureSize=W640|https://cdn.wallapop.com/images/10420/lc/xw/__/c10420p1291527203/i6678434228.jpg?pictureSize=W640|https://cdn.wallapop.com/images/10420/lc/xw/__/c10420p1291527203/i6678434264.jpg?pictureSize=W640
Chaleco impacto kitesurf/wingfoil/paddle;49.5;Tarifa, 11380;"Chaleco protector acolchado para deportes acuáticos.
- Cierre de velcro lateral que permite adaptarlo a diferentes tallas.
- Acolchado segmentado para mayor flexibilidad.";https://es.wallapop.com/item/chaleco-impacto-kitesurf-wingfoil-paddle-1294991748;[];[];False;2026-09-13;Envío disponible;Disponible;https://cdn.wallapop.com/images/10420/lf/06/__/c10420p1294991748/i6696421599.jpg?pictureSize=W640|https://cdn.wallapop.com/images/10420/lf/06/__/c10420p1294991748/i6696421635.jpg?pictureSize=W640|https://cdn.wallapop.com/images/10420/lf/06/__/c10420p1294991748/i6696421662.jpg?pictureSize=W640
Asa Ozone Flow 3.6m wingfoil;450.0;Ericeira, 2655-240;"Asa Ozone Flow 3.6m.

Asa em perfeito estado.";https://es.wallapop.com/item/asa-ozone-flow-3-6m-wingfoil-1294819221;[];[3.6];False;2026-08-25;Envío disponible;Disponible;https://cdn.wallapop.com/images/10420/le/wg/__/c10420p1294819221/i6695617471.jpg?pictureSize=W640|https://cdn.wallapop.com/images/10420/le/wg/__/c10420p1294819221/i6695617567.jpg?pictureSize=W640|https://cdn.wallapop.com/images/10420/le/wg/__/c10420p1294819221/i6695617573.jpg?pictureSize=W640|https://cdn.wallapop.com/images/10420/le/wg/__/c10420p1294819221/i6695617574.jpg?pictureSize=W640
Tabla Wingfoil Super KT 2 Carbon 60L;1099.0;Tarifa, 11380;"🏄‍♂️ Vendo tabla de Wingfoil KT Super K2 – 60L
La tabla está en perfecto estado, muy cuidada y lista para navegar.
Si estás interesado, mándame un mensaje privado. También podemos quedar en algún sitio de Tarifa para que la veas en persona.
¡Cualquier duda, pregúntame sin compromiso! 🤙🏽";https://es.wallapop.com/item/wingfoil-board-super-kt-2-carbon-60l-1307180021;[60];[];False;2026-09-29;Envío disponible;Disponible;https://cdn.wallapop.com/images/10420/lm/9e/__/c10420p1307180021/i6759614761.jpg?pictureSize=W640|https://cdn.wallapop.com/images/10420/lm/9e/__/c10420p1307180021/i6759614790.jpg?pictureSize=W640|https://cdn.wallapop.com/images/10420/lm/9e/__/c10420p1307180021/i6759614812.jpg?pictureSize=W640|https://cdn.wallapop.com/images/10420/lm/9e/__/c10420p1307180021/i6759614773.jpg?pictureSize=W640|https://cdn.wallapop.com/images/10420/lm/9e/__/c10420p1307180021/i6759614833.jpg?pictureSize=W640
Borsa porta foil Wingfoil/Parawing/Pumfoil;68.0;Como, 22100;"Borsa nera per il trasporto di attrezzatura da foil.
Misura 110 cm 

- completa di maniglie e spallaccio.
- Maniglia per il trasporto.
- Chiusura a zip.";https://es.wallapop.com/item/borsa-porta-foil-wingfoil-parawing-pumfoil-1307002367;[];[];False;2026-09-29;Envío disponible;Disponible;https://cdn.wallapop.com/images/10420/lm/5l/__/c10420p1307002367/i6758577142.jpg?pictureSize=W640|https://cdn.wallapop.com/images/10420/lm/5l/__/c10420p1307002367/i6758577155.jpg?pictureSize=W640|https://cdn.wallapop.com/images/10420/lm/5l/__/c10420p1307002367/i6758577149.jpg?pictureSize=W640
North Nova 6.2m Vela Wingfoil;750.0;Can Pastilla, 07610;"Vela wingfoil North Nova de 6.2 metros.

- Modelo: Nova
- Tamaño: 6.2 m
- Marca: North";https://es.wallapop.com/item/north-nova-6-2m-vela-wingfoil-1306283100;[];[6.2];False;2026-09-28;Envío disponible;Disponible;https://cdn.wallapop.com/images/10420/ll/q6/__/c10420p1306283100/i6754963187.jpg?pictureSize=W640|https://cdn.wallapop.com/images/10420/ll/q6/__/c10420p1306283100/i6754963200.jpg?pictureSize=W640|https://cdn.wallapop.com/images/10420/ll/q6/__/c10420p1306283100/i6754963199.jpg?pictureSize=W640|https://cdn.wallapop.com/images/10420/ll/q6/__/c10420p1306283100/i6754963196.jpg?pictureSize=W640
Tabla Wingfoil Fanatic Sky Wing 75L;330.0;Llabia, 17257;"Tabla de wingfoil Fanatic Sky Wing de 75 litros. Color rosa.

- Modelo: Sky Wing
- Capacidad: 75 litros
- Marca: Fanatic
- Color: Rosa";https://es.wallapop.com/item/tabla-wingfoil-fanatic-sky-wing-75l-1292871961;[75];[];False;2026-08-20;Envío disponible;Disponible;https://cdn.wallapop.com/images/10420/ld/qq/__/c10420p1292871961/i6686147392.jpg?pictureSize=W640|https://cdn.wallapop.com/images/10420/ld/qq/__/c10420p1292871961/i6686147394.jpg?pictureSize=W640|https://cdn.wallapop.com/images/10420/ld/qq/__/c10420p1292871961/i6686147399.jpg?pictureSize=W640|https://cdn.wallapop.com/images/10420/ld/qq/__/c10420p1292871961/i6686147397.jpg?pictureSize=W640|https://cdn.wallapop.com/images/10420/ld/qq/__/c10420p1292871961/i6686147405.jpg?pictureSize=W640|https://cdn.wallapop.com/images/10420/ld/qq/__/c10420p1292871961/i6686147401.jpg?pictureSize=W640
Bolsa de transporte para wingfoil HOWZIT;85.0;Fuengirola, 29640;"Bolsa de transporte para wingfoil de la marca HOWZIT. Diseñada para proteger tu equipo. perfecto estado. Nueva cuesta 140€

- Cierre de cremallera.
- Correa de hombro ajustable.
Para 5 pulgadas";https://es.wallapop.com/item/bolsa-de-transporte-para-wingfoil-howzit-1291016223;[];[];False;2026-08-28;Envío disponible;Disponible;https://cdn.wallapop.com/images/10420/lc/my/__/c10420p1291016223/i6675587023.jpg?pictureSize=W640|https://cdn.wallapop.com/images/10420/lc/my/__/c10420p1291016223/i6675587033.jpg?pictureSize=W640|https://cdn.wallapop.com/images/10420/lc/my/__/c10420p1291016223/i6675587041.jpg?pictureSize=W640|https://cdn.wallapop.com/images/10420/lc/my/__/c10420p1291016223/i6675587052.jpg?pictureSize=W640|https://cdn.wallapop.com/images/10420/lc/my/__/c10420p1291016223/i6675587061.jpg?pictureSize=W640
Vela WingFoil 5.5 Free wing life;600.0;Can Pastilla, 07610;"Vela de WingFoil 5.5m

-Free wing life.
-Azul y naranja.";https://es.wallapop.com/item/vela-wingfoil-5-5-free-wing-life-1306701547;[];[5.5];False;2026-09-28;Envío disponible;Disponible;https://cdn.wallapop.com/images/10420/ll/z5/__/c10420p1306701547/i6756942388.jpg?pictureSize=W640|https://cdn.wallapop.com/images/10420/ll/z5/__/c10420p1306701547/i6756942396.jpg?pictureSize=W640|https://cdn.wallapop.com/images/10420/ll/z5/__/c10420p1306701547/i6756942395.jpg?pictureSize=W640|https://cdn.wallapop.com/images/10420/ll/z5/__/c10420p1306701547/i6756942397.jpg?pictureSize=W640
Tabla Wingfoil  Mid lenght Custom Bilboa 100% Carb;650.0;Los Arenales del Sol, 03195;"Tabla de wingfoil custom de la marca Bilboa, fabricada 100% en carbono. Ideal para la práctica de wingfoil. 
Mid length la tabla es 5.'10 85 litros arranca sola  del agua, sale al planeo con 12/13 nudos .no lleva para poner straps.navego siempre a strapless!

- Construcción en carbono 
- Diseño customizado.
- Marca: Bilboa.";https://es.wallapop.com/item/tabla-wingfoil-mid-lenght-custom-bilboa-100-carb-1293714023;[85];[];False;2026-08-28;Envío disponible;Disponible;https://cdn.wallapop.com/images/10420/le/8s/__/c10420p1293714023/i6690608416.jpg?pictureSize=W640|https://cdn.wallapop.com/images/10420/le/8s/__/c10420p1293714023/i6690608433.jpg?pictureSize=W640|https://cdn.wallapop.com/images/10420/le/8s/__/c10420p1293714023/i6690608441.jpg?pictureSize=W640|https://cdn.wallapop.com/images/10420/le/8s/__/c10420p1293714023/i6690608449.jpg?pictureSize=W640|https://cdn.wallapop.com/images/10420/le/8s/__/c10420p1293714023/i6690608457.jpg?pictureSize=W640|https://cdn.wallapop.com/images/10420/le/8s/__/c10420p1293714023/i6690608465.jpg?pictureSize=W640|https://cdn.wallapop.com/images/10420/le/8s/__/c10420p1293714023/i6690608476.jpg?pictureSize=W640|https://cdn.wallapop.com/images/10420/le/8s/__/c10420p1293714023/i6690608488.jpg?pictureSize=W640
Vela WingFoil North Nova 6.0;500.0;Can Pastilla, 07610;"Vela de wingfoil North Nova de 6.0 m. Diseñada para rendimiento y freeride.

- Color amarillo vibrante con detalles en azul y negro.
- Construcción robusta para durabilidad.
- Logotipo 'North Nova 6.0'.";https://es.wallapop.com/item/vela-wingfoil-north-nova-6-0-1306699978;[];[6];False;2026-09-28;Envío disponible;Disponible;https://cdn.wallapop.com/images/10420/ll/z4/__/c10420p1306699978/i6756934016.jpg?pictureSize=W640|https://cdn.wallapop.com/images/10420/ll/z4/__/c10420p1306699978/i6756934025.jpg?pictureSize=W640|https://cdn.wallapop.com/images/10420/ll/z4/__/c10420p1306699978/i6756934022.jpg?pictureSize=W640|https://cdn.wallapop.com/images/10420/ll/z4/__/c10420p1306699978/i6756934024.jpg?pictureSize=W640
Tabla Wingfoil Cabrinha Code 98L + funda + leash;700.0;Murcia, 30002;"Tabla de wing foil, con volumen de tabla (98L) ideal para todos los niveles por su versatilidad, flotabilidad, estabilidad y ligereza en días de viento suave/medio.
Está super cuidada, y aunque el modelo de la tabla es de 2022, yo lo compré en septiembre de 2024. No habrá llegado a los 10 usos en total por falta de tiempo (de hecho este año no la he llegado a usar).
Siempre he quitado la sal con agua dulce.
- Tabla Code Cabrinha 5,4""x27""x4,7"" (98L). La Code es la tabla más versátil y de alto rendimiento de la gama Cabrinha, construida en un material muy ligero de peso.
Tabla + funda + leash: 700€
Se puede ver sin compromiso.";https://es.wallapop.com/item/tabla-wingfoil-cabrinha-code-98l-1298171381;[98];[];False;2026-09-05;Envío disponible;Disponible;https://cdn.wallapop.com/images/10420/lg/wb/__/c10420p1298171381/i6711410163.jpg?pictureSize=W640|https://cdn.wallapop.com/images/10420/lg/wb/__/c10420p1298171381/i6711410192.jpg?pictureSize=W640|https://cdn.wallapop.com/images/10420/lg/wb/__/c10420p1298171381/i6711410190.jpg?pictureSize=W640|https://cdn.wallapop.com/images/10420/lg/wb/__/c10420p1298171381/i6711410188.jpg?pictureSize=W640|https://cdn.wallapop.com/images/10420/lg/wb/__/c10420p1298171381/i6711410184.jpg?pictureSize=W640|https://cdn.wallapop.com/images/10420/lg/wb/__/c10420p1298171381/i6711410182.jpg?pictureSize=W640|https://cdn.wallapop.com/images/10420/lg/wb/__/c10420p1298171381/i6711410218.jpg?pictureSize=W640|https://cdn.wallapop.com/images/10420/lg/wb/__/c10420p1298171381/i6711410222.jpg?pictureSize=W640|https://cdn.wallapop.com/images/10420/lg/wb/__/c10420p1298171381/i6711410235.jpg?pictureSize=W640|https://cdn.wallapop.com/images/10420/lg/wb/__/c10420p1298171381/i6711410200.jpg?pictureSize=W640
Ala de WingFoil Slick Dlab 6.0 2024;750.0;Playa Santa Ana, 03779;Ala de WingFoil Slick Dlab 6.0 del año 2024. Ha sido utilizada en menos de 10 ocasiones y se encuentra en excelente estado.;https://es.wallapop.com/item/ala-de-wingfoil-slick-dlab-6-0-2024-1301866210;[];[];False;2026-09-27;Envío disponible;Disponible;https://cdn.wallapop.com/images/10420/lj/3i/__/c10420p1301866210/i6755027377.jpg?pictureSize=W640|https://cdn.wallapop.com/images/10420/lj/3i/__/c10420p1301866210/i6755027401.jpg?pictureSize=W640|https://cdn.wallapop.com/images/10420/lj/3i/__/c10420p1301866210/i6755027421.jpg?pictureSize=W640|https://cdn.wallapop.com/images/10420/lj/3i/__/c10420p1301866210/i6755027437.jpg?pictureSize=W640|https://cdn.wallapop.com/images/10420/lj/3i/__/c10420p1301866210/i6755027452.jpg?pictureSize=W640|https://cdn.wallapop.com/images/10420/lj/3i/__/c10420p1301866210/i6755027468.jpg?pictureSize=W640|https://cdn.wallapop.com/images/10420/lj/3i/__/c10420p1301866210/i6755027478.jpg?pictureSize=W640
Mastil Wingfoil RRD SWK Carbono 85 1.5 1.3;670.0;Mataró, 08301;Es una maravilla de mastil super rígido y rápido. Viene con los tornillos y regalo llave.;https://es.wallapop.com/item/mastil-swk-carbono-85-1-5-1-3-rrd-wing-foil-1289286943;[];[];False;2026-08-21;Envío disponible;Disponible;https://cdn.wallapop.com/images/10420/lb/lw/__/c10420p1289286943/i6665513598.jpg?pictureSize=W640|https://cdn.wallapop.com/images/10420/lb/lw/__/c10420p1289286943/i6665513606.jpg?pictureSize=W640|https://cdn.wallapop.com/images/10420/lb/lw/__/c10420p1289286943/i6665513612.jpg?pictureSize=W640|https://cdn.wallapop.com/images/10420/lb/lw/__/c10420p1289286943/i6665513627.jpg?pictureSize=W640|https://cdn.wallapop.com/images/10420/lb/lw/__/c10420p1289286943/i6665513623.jpg?pictureSize=W640
WingFoil Starboard Air 6m;220.0;Guadalajara, 19005;"WingFoil Starboard Air de 6 metros 

- Incluye leash
- Tamaño: 6m
- Marca: Starboard
- Modelo: Air

Posibilidad de hacer PACK con 2 tablas AK (74l y 105l), AK foil de carbono (1600) y 3 wings Starboard (4m/5m/6m)  para mas informacion contacta conmigo. 
Mas fotos en mi perfil.";https://es.wallapop.com/item/wingfoil-starboard-air-6m-1302061197;[74, 105];[4, 5, 6];False;2026-09-15;Envío disponible;Disponible;https://cdn.wallapop.com/images/10420/lj/7o/__/c10420p1302061197/i6729802757.jpg?pictureSize=W640|https://cdn.wallapop.com/images/10420/lj/7o/__/c10420p1302061197/i6729802769.jpg?pictureSize=W640
North Nova 4.2m azul Ala Wingfoil;225.0;Urbanizacion Ciudad Residencial La Berzosa, 28248;"Ala de wingfoil North Nova de 4.2m.

En buen estado, funciona super bien. Tiene una reparacion profesional en el borde de ataque y un par de poros tmb cubiertas. 

Ligera, agil, y resistente. Excelente para aprender, avanzar, y jugar.

Tengo la misma en otras tallas en mi perfil, y hare lote.

Duotone Gaastra Cabrinha AFS RRD freewing";https://es.wallapop.com/item/north-nova-4-2m-ala-wingfoil-1289368602;[];[4.2];False;2026-08-31;Envío disponible;Disponible;https://cdn.wallapop.com/images/10420/lb/nn/__/c10420p1289368602/i6666025192.jpg?pictureSize=W640|https://cdn.wallapop.com/images/10420/lb/nn/__/c10420p1289368602/i6666008178.jpg?pictureSize=W640|https://cdn.wallapop.com/images/10420/lb/nn/__/c10420p1289368602/i6666025171.jpg?pictureSize=W640|https://cdn.wallapop.com/images/10420/lb/nn/__/c10420p1289368602/i6666025134.jpg?pictureSize=W640|https://cdn.wallapop.com/images/10420/lb/nn/__/c10420p1289368602/i6666025145.jpg?pictureSize=W640|https://cdn.wallapop.com/images/10420/lb/nn/__/c10420p1289368602/i6666025155.jpg?pictureSize=W640|https://cdn.wallapop.com/images/10420/lb/nn/__/c10420p1289368602/i6666025162.jpg?pictureSize=W640|https://cdn.wallapop.com/images/10420/lb/nn/__/c10420p1289368602/i6666025167.jpg?pictureSize=W640|https://cdn.wallapop.com/images/10420/lb/nn/__/c10420p1289368602/i6666025150.jpg?pictureSize=W640|https://cdn.wallapop.com/images/10420/lb/nn/__/c10420p1289368602/i6666025180.jpg?pictureSize=W640
Wingfoil Armstrong HA 925;200.0;Berben, 11500;Ala de wingfoil Armstrong HA 925.;https://es.wallapop.com/item/wingfoil-armstrong-ha-925-1286152778;[];[];False;2026-07-31;Envío disponible;Disponible;https://cdn.wallapop.com/images/10420/l9/qp/__/c10420p1286152778/i6642833615.jpg?pictureSize=W640|https://cdn.wallapop.com/images/10420/l9/qp/__/c10420p1286152778/i6642833639.jpg?pictureSize=W640
Ala Delantera Armstrong MA800 A+ System;420.0;Valencia, 46009;"Ala delantera Armstrong MA800 – A+ System

Muy buen estado, sin golpes. Con funda original.
800 cm², envergadura 765mm.
Rápida, buena en giros y recupera muy bien si ventila.
Perfecta para wingfoil en viento fuerte y olas.";https://es.wallapop.com/item/ala-delantera-armstrong-ma800-a--system-1307099708;[];[];False;2026-09-29;Envío disponible;Disponible;https://cdn.wallapop.com/images/10420/lm/7o/__/c10420p1307099708/i6759170555.jpg?pictureSize=W640|https://cdn.wallapop.com/images/10420/lm/7o/__/c10420p1307099708/i6759170563.jpg?pictureSize=W640|https://cdn.wallapop.com/images/10420/lm/7o/__/c10420p1307099708/i6759170572.jpg?pictureSize=W640|https://cdn.wallapop.com/images/10420/lm/7o/__/c10420p1307099708/i6759215779.jpg?pictureSize=W640|https://cdn.wallapop.com/images/10420/lm/7o/__/c10420p1307099708/i6759215793.jpg?pictureSize=W640|https://cdn.wallapop.com/images/10420/lm/7o/__/c10420p1307099708/i6759215786.jpg?pictureSize=W640|https://cdn.wallapop.com/images/10420/lm/7o/__/c10420p1307099708/i6759215765.jpg?pictureSize=W640
Tabla Wingfoil Core Roamer 4'7;1200.0;Tarifa, 11380;"Tabla de wingfoil completa Core Roamer 55 L
Mastil aluminio 80 cm
Foil Carve 950
- Modelo Roamer.
- Tamaño 4'7.
- Incluye asas.
- Funda de transporte negra.";https://es.wallapop.com/item/tabla-wingfoil-core-roamer-4-7-1303209172;[55];[];False;2026-09-18;Envío disponible;Disponible;https://cdn.wallapop.com/images/10420/lj/wa/__/c10420p1303209172/i6738094157.jpg?pictureSize=W640|https://cdn.wallapop.com/images/10420/lj/wa/__/c10420p1303209172/i6738094178.jpg?pictureSize=W640|https://cdn.wallapop.com/images/10420/lj/wa/__/c10420p1303209172/i6738094184.jpg?pictureSize=W640|https://cdn.wallapop.com/images/10420/lj/wa/__/c10420p1303209172/i6738094170.jpg?pictureSize=W640|https://cdn.wallapop.com/images/10420/lj/wa/__/c10420p1303209172/i6738094197.jpg?pictureSize=W640
Tabla de Wingfoil F-One Rocket 75L;320.0;Frank Espinos, 03550;"Tabla de wingfoil F-One Rocket 5’4 de 75 litros. Tabla muy estable por su volumen, perfecta para ir bajando volumen y como tabla única. Sale muy rapido del agua. 

- Construcción Bamboo muy ligera
- Medidas 5’4 x 25’’ (162 x 63,5 cm)
- Footstrap instalado en la zona central.
- Pad antideslizante en la parte superior.
- Puntos de anclaje para configuración de footstraps.
- Tiene una pequeña reparación en la proa, no entra agua.

Zona Alicante (Playa San Juan).
Envío posible (contar 50-70€ mas según transportista).";https://es.wallapop.com/item/tabla-de-wingfoil-f-one-rocket-75l-1306115733;[75];[];False;2026-09-26;Envío disponible;Disponible;https://cdn.wallapop.com/images/10420/ll/ml/__/c10420p1306115733/i6754095103.jpg?pictureSize=W640|https://cdn.wallapop.com/images/10420/ll/ml/__/c10420p1306115733/i6754095176.jpg?pictureSize=W640|https://cdn.wallapop.com/images/10420/ll/ml/__/c10420p1306115733/i6754095183.jpg?pictureSize=W640|https://cdn.wallapop.com/images/10420/ll/ml/__/c10420p1306115733/i6754095133.jpg?pictureSize=W640|https://cdn.wallapop.com/images/10420/ll/ml/__/c10420p1306115733/i6754095156.jpg?pictureSize=W640|https://cdn.wallapop.com/images/10420/ll/ml/__/c10420p1306115733/i6754095164.jpg?pictureSize=W640|https://cdn.wallapop.com/images/10420/ll/ml/__/c10420p1306115733/i6754095122.jpg?pictureSize=W640|https://cdn.wallapop.com/images/10420/ll/ml/__/c10420p1306115733/i6754095115.jpg?pictureSize=W640|https://cdn.wallapop.com/images/10420/ll/ml/__/c10420p1306115733/i6754095194.jpg?pictureSize=W640|https://cdn.wallapop.com/images/10420/ll/ml/__/c10420p1306115733/i6754095144.jpg?pictureSize=W640
Tabla Duotone Hinchable Wingfoil 215L;580.0;Madrid, 28014;"Disponible en Tarifa o en Madrid.

Tabla hinchable Duotone para wingfoil con 215 litros de volumen. Diseñada para ofrecer una experiencia de navegación versátil.

- Color azul vibrante con detalles en coral.
- Superficie antideslizante para mayor agarre.
- Asa de transporte central.
- Válvula de inflado de alta presión.";https://es.wallapop.com/item/tabla-duotone-hinchable-wingfoil-215l-1293594546;[215];[];False;2026-09-20;Envío disponible;Disponible;https://cdn.wallapop.com/images/10420/le/67/__/c10420p1293594546/i6690095724.jpg?pictureSize=W640|https://cdn.wallapop.com/images/10420/le/67/__/c10420p1293594546/i6690095833.jpg?pictureSize=W640|https://cdn.wallapop.com/images/10420/le/67/__/c10420p1293594546/i6690095767.jpg?pictureSize=W640|https://cdn.wallapop.com/images/10420/le/67/__/c10420p1293594546/i6690095868.jpg?pictureSize=W640|https://cdn.wallapop.com/images/10420/le/67/__/c10420p1293594546/i6690095891.jpg?pictureSize=W640
Vela WingFoil Cabrinha Vision 6m2;400.0;Castelldefels, 08860;"Vela de WingFoil Cabrinha Vision de 6 metros cuadrados. Como nueva. Unico dueño. Muy poco uso. 
Ideal para aprender, tiene mucho rango de viento.
La vendo por no utilizarla. 
- Color blanco con detalles en negro y tuequesa";https://es.wallapop.com/item/vela-wingfoil-cabrinha-vision-6m2-1290825739;[];[6];False;2026-08-13;Envío disponible;Disponible;https://cdn.wallapop.com/images/10420/lc/iv/__/c10420p1290825739/i6674456663.jpg?pictureSize=W640|https://cdn.wallapop.com/images/10420/lc/iv/__/c10420p1290825739/i6674456665.jpg?pictureSize=W640|https://cdn.wallapop.com/images/10420/lc/iv/__/c10420p1290825739/i6674456667.jpg?pictureSize=W640
Tabla Wingfoil Starboard 4'9;400.0;Sanlúcar de Barrameda, 11540;"Tabla de wingfoil Starboard de 4'9 con diseño en azul y negro.

- 70L
- Diseño con zonas de agarre.
- Base antideslizante.
-despegue muy fácil gracias a sus canales. 
Tabla muy polivalente y todo terreno perfecta para poco y mucho viento, gran estabilidad cuando no está volando. 
Perfecta para bajar de una tabla grande a una tabla un poco más pequeña.";https://es.wallapop.com/item/tabla-wingfoil-starboard-4-9-1290563447;[70];[];False;2026-08-12;Envío disponible;Disponible;https://cdn.wallapop.com/images/10420/lc/d9/__/c10420p1290563447/i6672828039.jpg?pictureSize=W640|https://cdn.wallapop.com/images/10420/lc/d9/__/c10420p1290563447/i6672828052.jpg?pictureSize=W640|https://cdn.wallapop.com/images/10420/lc/d9/__/c10420p1290563447/i6672828103.jpg?pictureSize=W640|https://cdn.wallapop.com/images/10420/lc/d9/__/c10420p1290563447/i6672828199.jpg?pictureSize=W640|https://cdn.wallapop.com/images/10420/lc/d9/__/c10420p1290563447/i6672828227.jpg?pictureSize=W640
Tabla Wingfoil SUNS 5' 74L;310.0;Arenys de Mar, 08350;"Tabla de wingfoil SUNS con un diseño acabado en color turquesa.

- Medida de 5 pies
- Volumen de 74 litros
- Pad antideslizante en color gris 
- Footstraps";https://es.wallapop.com/item/tabla-wingfoil-suns-5-77l-1306746320;[74];[];False;2026-09-28;Envío disponible;Disponible;https://cdn.wallapop.com/images/10420/lm/03/__/c10420p1306746320/i6757184838.jpg?pictureSize=W640|https://cdn.wallapop.com/images/10420/lm/03/__/c10420p1306746320/i6757184862.jpg?pictureSize=W640|https://cdn.wallapop.com/images/10420/lm/03/__/c10420p1306746320/i6757184894.jpg?pictureSize=W640|https://cdn.wallapop.com/images/10420/lm/03/__/c10420p1306746320/i6757184919.jpg?pictureSize=W640|https://cdn.wallapop.com/images/10420/lm/03/__/c10420p1306746320/i6757184901.jpg?pictureSize=W640|https://cdn.wallapop.com/images/10420/lm/03/__/c10420p1306746320/i6757184878.jpg?pictureSize=W640|https://cdn.wallapop.com/images/10420/lm/03/__/c10420p1306746320/i6757184940.jpg?pictureSize=W640|https://cdn.wallapop.com/images/10420/lm/03/__/c10420p1306746320/i6757184869.jpg?pictureSize=W640|https://cdn.wallapop.com/images/10420/lm/03/__/c10420p1306746320/i6757184855.jpg?pictureSize=W640|https://cdn.wallapop.com/images/10420/lm/03/__/c10420p1306746320/i6757184911.jpg?pictureSize=W640
Tabla Wingfoil RRD Air Beluga Pro 70L;299.0;Huelva, 21004;"Tabla de wingfoil RRD modelo Air Beluga Pro con 70 litros de volumen. 

La mejor tabla de wingfoil inflable del mercado, conexión rígida entre el foil y la tabla con un plate de carbono.

Perfecta para el día a día o viajes. Olvidate de facturar maleta especial y olvidate de los golpes tontos. 

Rota la conexión del leash, único desperfecto, igualmente, conectas el leash al footstrap trasero y solucionando.

- Incluye footstraps instalados.
- Incluye bolsa transporte.
- Siempre guardada medio inflada.";https://es.wallapop.com/item/tabla-wingfoil-rrd-air-beluga-pro-70l-1304896460;[70];[];False;2026-09-23;Envío disponible;Disponible;https://cdn.wallapop.com/images/10420/lk/wg/__/c10420p1304896460/i6747427975.jpg?pictureSize=W640|https://cdn.wallapop.com/images/10420/lk/wg/__/c10420p1304896460/i6747428032.jpg?pictureSize=W640|https://cdn.wallapop.com/images/10420/lk/wg/__/c10420p1304896460/i6747428062.jpg?pictureSize=W640|https://cdn.wallapop.com/images/10420/lk/wg/__/c10420p1304896460/i6747428085.jpg?pictureSize=W640|https://cdn.wallapop.com/images/10420/lk/wg/__/c10420p1304896460/i6747428122.jpg?pictureSize=W640
Duotone Handles Wingfoil Unit 2024;15.0;Pals, 17256;"Set de Handles para wingfoil.
Vendo Handle sueltos precio por asa 
Medidas 96 y 72 cm 
- Diseño duotone.
- Patrón de agarre texturizado.";https://es.wallapop.com/item/duotone-handles-wingfoil-unit-2024-1273155669;[];[];False;2026-08-18;Envío disponible;Disponible;https://cdn.wallapop.com/images/10420/l2/05/__/c10420p1273155669/i6564724900.jpg?pictureSize=W640
Ala Wingfoil Gong Fluid XL V2;150.0;Los Saez, 30740;"Ala de wingfoil Gong Fluid XL de 1500cm.

- Material: Carbono.
- Tamaño: XL 1500 cm2
- AR 6.5

Espectacular para viento flojo y iniciación";https://es.wallapop.com/item/ala-wingfoil-gong-fluid-xl-v2-1288790250;[];[];False;2026-09-03;Envío disponible;Disponible;https://cdn.wallapop.com/images/10420/lb/b8/__/c10420p1288790250/i6662507968.jpg?pictureSize=W640|https://cdn.wallapop.com/images/10420/lb/b8/__/c10420p1288790250/i6662507972.jpg?pictureSize=W640|https://cdn.wallapop.com/images/10420/lb/b8/__/c10420p1288790250/i6662507977.jpg?pictureSize=W640
Ala RRD wingfoil Blast 900;250.0;Cádiz, 11008;"Ala de foil RRD Full Carbon Blast 900.

- 93 cm de envergadura.
- 900 cm² de área real.
- Material: Carbono.

Muy poco uso, algunos rallones superficiales";https://es.wallapop.com/item/ala-rrd-wingfoil-blast-900-1302554309;[];[];False;2026-09-28;Envío disponible;Disponible;https://cdn.wallapop.com/images/10420/lj/i9/__/c10420p1302554309/i6732330618.jpg?pictureSize=W640|https://cdn.wallapop.com/images/10420/lj/i9/__/c10420p1302554309/i6732330628.jpg?pictureSize=W640|https://cdn.wallapop.com/images/10420/lj/i9/__/c10420p1302554309/i6732330637.jpg?pictureSize=W640|https://cdn.wallapop.com/images/10420/lj/i9/__/c10420p1302554309/i6732330647.jpg?pictureSize=W640|https://cdn.wallapop.com/images/10420/lj/i9/__/c10420p1302554309/i6732330654.jpg?pictureSize=W640|https://cdn.wallapop.com/images/10420/lj/i9/__/c10420p1302554309/i6732330659.jpg?pictureSize=W640|https://cdn.wallapop.com/images/10420/lj/i9/__/c10420p1302554309/i6732330668.jpg?pictureSize=W640|https://cdn.wallapop.com/images/10420/lj/i9/__/c10420p1302554309/i6732330674.jpg?pictureSize=W640|https://cdn.wallapop.com/images/10420/lj/i9/__/c10420p1302554309/i6732330686.jpg?pictureSize=W640
Wingfoil Duotone Unit 3.5;380.0;Berben, 11500;"Wingfoil Duotone Unit de 3.5 metros, con un diseño llamativo en tonos turquesa y negro.
Wing en perfecto estado no reparado no pierde aire";https://es.wallapop.com/item/wingfoil-duotone-unit-3-5-1306865023;[];[3.5];False;2026-09-28;Envío disponible;Disponible;https://cdn.wallapop.com/images/10420/lm/2n/__/c10420p1306865023/i6757817951.jpg?pictureSize=W640|https://cdn.wallapop.com/images/10420/lm/2n/__/c10420p1306865023/i6757818028.jpg?pictureSize=W640|https://cdn.wallapop.com/images/10420/lm/2n/__/c10420p1306865023/i6757818000.jpg?pictureSize=W640|https://cdn.wallapop.com/images/10420/lm/2n/__/c10420p1306865023/i6757818003.jpg?pictureSize=W640|https://cdn.wallapop.com/images/10420/lm/2n/__/c10420p1306865023/i6757817965.jpg?pictureSize=W640|https://cdn.wallapop.com/images/10420/lm/2n/__/c10420p1306865023/i6757818015.jpg?pictureSize=W640|https://cdn.wallapop.com/images/10420/lm/2n/__/c10420p1306865023/i6757818008.jpg?pictureSize=W640
Equipo completo Wingfoil UNIFIBER;900.0;Tarifa, 11380;"Conjunto completo de wingfoil UNIFIBER, ideal para iniciarse en este deporte.

- Mástil UNIFIBER 75cm.
- Ala delantera de 1600.
- Ala trasera de 310.
- Fuselaje.
- 2 wings 4,6m y 3,5m
- 1 tabla 135l con su funda 
- 1 inchador";https://es.wallapop.com/item/equipo-completo-wingfoil-unifiber-1294190876;[135];[3.5, 4.6];False;2026-09-04;Envío disponible;Disponible;https://cdn.wallapop.com/images/10420/le/j0/__/c10420p1294190876/i6692728072.jpg?pictureSize=W640|https://cdn.wallapop.com/images/10420/le/j0/__/c10420p1294190876/i6692728090.jpg?pictureSize=W640|https://cdn.wallapop.com/images/10420/le/j0/__/c10420p1294190876/i6692728103.jpg?pictureSize=W640|https://cdn.wallapop.com/images/10420/le/j0/__/c10420p1294190876/i6692728124.jpg?pictureSize=W640|https://cdn.wallapop.com/images/10420/le/j0/__/c10420p1294190876/i6692728143.jpg?pictureSize=W640|https://cdn.wallapop.com/images/10420/le/j0/__/c10420p1294190876/i6692728152.jpg?pictureSize=W640|https://cdn.wallapop.com/images/10420/le/j0/__/c10420p1294190876/i6692728167.jpg?pictureSize=W640
Wingfoil Duotone DLAB 2024;600.0;Barcelona, 08003;"Wingfoil Duotone DLAB del año 2024 en buen estado. Ha tenido tres reparaciones.

- Modelo DLAB.
- Año 2024.
- Tres reparaciones realizadas, todas muy profesionales, wing muy ligero ideal para vientos flojos o riders de mas de 80-85 kg";https://es.wallapop.com/item/wingfoil-duotone-dlab-2024-3-reparaciones-1301366371;[];[];False;2026-09-13;Envío disponible;Disponible;https://cdn.wallapop.com/images/10420/li/ss/__/c10420p1301366371/i6726600916.jpg?pictureSize=W640|https://cdn.wallapop.com/images/10420/li/ss/__/c10420p1301366371/i6726601063.jpg?pictureSize=W640|https://cdn.wallapop.com/images/10420/li/ss/__/c10420p1301366371/i6726601000.jpg?pictureSize=W640|https://cdn.wallapop.com/images/10420/li/ss/__/c10420p1301366371/i6726601255.jpg?pictureSize=W640|https://cdn.wallapop.com/images/10420/li/ss/__/c10420p1301366371/i6726600960.jpg?pictureSize=W640
Ala Wingfoil Starboard E-type 1700;200.0;San Miguel del Camino, 24391;De carbono. Sale al vuelo muy fácil y rápido. Gira muy bien. Muy divertida;https://es.wallapop.com/item/ala-wingfoil-starboard-e-type-1700-1285434251;[];[];False;2026-09-20;Envío disponible;Disponible;https://cdn.wallapop.com/images/10420/l9/bb/__/c10420p1285434251/i6638642358.jpg?pictureSize=W640|https://cdn.wallapop.com/images/10420/l9/bb/__/c10420p1285434251/i6638642324.jpg?pictureSize=W640
Vela Wingfoil Gong 5 con borde ataque roto.;120.0;Pontevedra, 36161;Vela Gong 5 m. Está rota por el borde de ataque y la bolsa. Tiene 10 baños pero rompió por hinchar la mal, tiene una reparación en la misma zona. Si se repara la vela está nueva. O para aprovechar dacrón para reparaciones. Sin bolsa 100 €;https://es.wallapop.com/item/vela-wingfoil-gong-5-con-borde-ataque-roto-1275426225;[];[5];False;2026-09-09;Envío disponible;Disponible;https://cdn.wallapop.com/images/10420/l3/ct/__/c10420p1275426225/i6577532184.jpg?pictureSize=W640|https://cdn.wallapop.com/images/10420/l3/ct/__/c10420p1275426225/i6577532252.jpg?pictureSize=W640|https://cdn.wallapop.com/images/10420/l3/ct/__/c10420p1275426225/i6577532286.jpg?pictureSize=W640|https://cdn.wallapop.com/images/10420/l3/ct/__/c10420p1275426225/i6577532385.jpg?pictureSize=W640|https://cdn.wallapop.com/images/10420/l3/ct/__/c10420p1275426225/i6577532472.jpg?pictureSize=W640|https://cdn.wallapop.com/images/10420/l3/ct/__/c10420p1275426225/i6577532631.jpg?pictureSize=W640|https://cdn.wallapop.com/images/10420/l3/ct/__/c10420p1275426225/i6577532755.jpg?pictureSize=W640
Tabla Wingfoil KT 80L, leash y staps;800.0;Donostia-San Sebastián, 20014;"Tabla de wingfoil KT con 80 litros de volumen. Ligera y de despegue muy fácil. Con la funda 100€ más 
- Diseño moderno.
- Asa integrada para un mejor agarre.
- Ideal para vientos flojos y downwind
- Y para iniciarse en el parawind";https://es.wallapop.com/item/tabla-wingfoil-kt-80l-con-su-funda-y-staps-1273498554;[80];[];False;2026-08-22;Envío disponible;Disponible;https://cdn.wallapop.com/images/10420/l2/7h/__/c10420p1273498554/i6566746953.jpg?pictureSize=W640|https://cdn.wallapop.com/images/10420/l2/7h/__/c10420p1273498554/i6575101473.jpg?pictureSize=W640|https://cdn.wallapop.com/images/10420/l2/7h/__/c10420p1273498554/i6575101496.jpg?pictureSize=W640|https://cdn.wallapop.com/images/10420/l2/7h/__/c10420p1273498554/i6575101528.jpg?pictureSize=W640|https://cdn.wallapop.com/images/10420/l2/7h/__/c10420p1273498554/i6575101563.jpg?pictureSize=W640|https://cdn.wallapop.com/images/10420/l2/7h/__/c10420p1273498554/i6575101587.jpg?pictureSize=W640|https://cdn.wallapop.com/images/10420/l2/7h/__/c10420p1273498554/i6575101617.jpg?pictureSize=W640|https://cdn.wallapop.com/images/10420/l2/7h/__/c10420p1273498554/i6575101642.jpg?pictureSize=W640|https://cdn.wallapop.com/images/10420/l2/7h/__/c10420p1273498554/i6575101660.jpg?pictureSize=W640|https://cdn.wallapop.com/images/10420/l2/7h/__/c10420p1273498554/i6575101682.jpg?pictureSize=W640
Funda Ion Wingfoil 188x80cm;110.0;Can Pastilla, 07610;"Funda para tabla de wingfoil de la marca Ion.

- Color gris.
- Medidas: 188 x 80 cm (5'8 x 26).
- Cierre con cremallera.
- Asa de transporte.
- Compartimentos interiores.";https://es.wallapop.com/item/funda-ion-wingfoil-188x80cm-1286183297;[];[];False;2026-09-09;Envío disponible;Disponible;https://cdn.wallapop.com/images/10420/l9/rd/__/c10420p1286183297/i6643007278.jpg?pictureSize=W640|https://cdn.wallapop.com/images/10420/l9/rd/__/c10420p1286183297/i6643007292.jpg?pictureSize=W640|https://cdn.wallapop.com/images/10420/l9/rd/__/c10420p1286183297/i6643007304.jpg?pictureSize=W640|https://cdn.wallapop.com/images/10420/l9/rd/__/c10420p1286183297/i6643007314.jpg?pictureSize=W640|https://cdn.wallapop.com/images/10420/l9/rd/__/c10420p1286183297/i6643007322.jpg?pictureSize=W640|https://cdn.wallapop.com/images/10420/l9/rd/__/c10420p1286183297/i6643007329.jpg?pictureSize=W640|https://cdn.wallapop.com/images/10420/l9/rd/__/c10420p1286183297/i6643007342.jpg?pictureSize=W640
AK Foil Wingfoil Tracer 1300 Completo;750.0;Marbella, 29604;"Conjunto completo de foil AK para wingfoil, modelo Tracer 1300.

- Fabricado en carbono.
- Incluye mástil aluminio, ala delantera y estabilizador.";https://es.wallapop.com/item/ak-foil-wingfoil-tracer-1300-completo-1296758931;[];[];False;2026-08-31;Envío disponible;Disponible;https://cdn.wallapop.com/images/10420/lg/21/__/c10420p1296758931/i6704346209.jpg?pictureSize=W640|https://cdn.wallapop.com/images/10420/lg/21/__/c10420p1296758931/i6704346230.jpg?pictureSize=W640|https://cdn.wallapop.com/images/10420/lg/21/__/c10420p1296758931/i6704346240.jpg?pictureSize=W640|https://cdn.wallapop.com/images/10420/lg/21/__/c10420p1296758931/i6704346221.jpg?pictureSize=W640
Tabla Wingfoil GONG HIPE FIRST;190.0;Montgat, 08390;"Tabla de wingfoil GONG HIPE FIRST 5 5"" 110litros.

Ideal para principiantes y para perfeccionar.";https://es.wallapop.com/item/tabla-wingfoil-gong-hipe-first-1306110518;[110];[];False;2026-09-26;Envío disponible;Disponible;https://cdn.wallapop.com/images/10420/ll/mh/__/c10420p1306110518/i6754072199.jpg?pictureSize=W640|https://cdn.wallapop.com/images/10420/ll/mh/__/c10420p1306110518/i6754072213.jpg?pictureSize=W640|https://cdn.wallapop.com/images/10420/ll/mh/__/c10420p1306110518/i6754072220.jpg?pictureSize=W640|https://cdn.wallapop.com/images/10420/ll/mh/__/c10420p1306110518/i6754072249.jpg?pictureSize=W640|https://cdn.wallapop.com/images/10420/ll/mh/__/c10420p1306110518/i6754072265.jpg?pictureSize=W640|https://cdn.wallapop.com/images/10420/ll/mh/__/c10420p1306110518/i6754072280.jpg?pictureSize=W640|https://cdn.wallapop.com/images/10420/ll/mh/__/c10420p1306110518/i6754072298.jpg?pictureSize=W640
Tabla parawing y wingfoil Takoon Slide 110;750.0;Marina-Manresa, 07400;"Tabla Takoon Slide 110 

- Volumen de 110 litros.
- Medidas: 6'9 x 21.5""
- Carbono.
Tabla diseñada para parawing.
En perfecto estado, como nueva, con muy poco uso. Comprada en Junio de este año.
La he cuidado muchísimo, siempre bien endulzadita.";https://es.wallapop.com/item/tabla-de-wing-foil-takoon-slide-110l-1306206477;[110];[];False;2026-09-26;Envío disponible;Disponible;https://cdn.wallapop.com/images/10420/ll/oj/__/c10420p1306206477/i6754508133.jpg?pictureSize=W640|https://cdn.wallapop.com/images/10420/ll/oj/__/c10420p1306206477/i6754508141.jpg?pictureSize=W640|https://cdn.wallapop.com/images/10420/ll/oj/__/c10420p1306206477/i6754508152.jpg?pictureSize=W640|https://cdn.wallapop.com/images/10420/ll/oj/__/c10420p1306206477/i6754508161.jpg?pictureSize=W640|https://cdn.wallapop.com/images/10420/ll/oj/__/c10420p1306206477/i6754508167.jpg?pictureSize=W640|https://cdn.wallapop.com/images/10420/ll/oj/__/c10420p1306206477/i6754508170.jpg?pictureSize=W640|https://cdn.wallapop.com/images/10420/ll/oj/__/c10420p1306206477/i6754508176.jpg?pictureSize=W640|https://cdn.wallapop.com/images/10420/ll/oj/__/c10420p1306206477/i6754508181.jpg?pictureSize=W640|https://cdn.wallapop.com/images/10420/ll/oj/__/c10420p1306206477/i6754508190.jpg?pictureSize=W640|https://cdn.wallapop.com/images/10420/ll/oj/__/c10420p1306206477/i6754508204.jpg?pictureSize=W640
Equipo WingFoil F-One Rocket Wing;980.0;Madrid, 28014;"No hago envíos. Equipo en Vejer de La Frontera, Cadiz. 

Material: 

-Tabla F One Rocket Wing ASC 5.10 110L y footstrap.

-Foil Phantom FCT completo 1680 y fundas. 

-Mástil aluminio 80cm

-Funda Voar Daily

Algun arañazo/toque del uso pero funciona todo perfectamente. Vendo porque cambio de equipo.";https://es.wallapop.com/item/equipo-wingfoil-f-one-rocket-wing-1306715049;[110];[];False;2026-09-28;Envío disponible;Disponible;https://cdn.wallapop.com/images/10420/ll/zf/__/c10420p1306715049/i6757014854.jpg?pictureSize=W640|https://cdn.wallapop.com/images/10420/ll/zf/__/c10420p1306715049/i6757015055.jpg?pictureSize=W640|https://cdn.wallapop.com/images/10420/ll/zf/__/c10420p1306715049/i6757014886.jpg?pictureSize=W640|https://cdn.wallapop.com/images/10420/ll/zf/__/c10420p1306715049/i6757015084.jpg?pictureSize=W640|https://cdn.wallapop.com/images/10420/ll/zf/__/c10420p1306715049/i6757015105.jpg?pictureSize=W640|https://cdn.wallapop.com/images/10420/ll/zf/__/c10420p1306715049/i6757014957.jpg?pictureSize=W640|https://cdn.wallapop.com/images/10420/ll/zf/__/c10420p1306715049/i6757014942.jpg?pictureSize=W640|https://cdn.wallapop.com/images/10420/ll/zf/__/c10420p1306715049/i6757015005.jpg?pictureSize=W640|https://cdn.wallapop.com/images/10420/ll/zf/__/c10420p1306715049/i6757014917.jpg?pictureSize=W640|https://cdn.wallapop.com/images/10420/ll/zf/__/c10420p1306715049/i6757014933.jpg?pictureSize=W640
Tabla Wingfoil Armstrong 55L Mkl;1105.0;Alzira, 46600;"Tabla de wingfoil Armstrong Mkl de 55 litros. Se encuentra en excelente estado, como nueva.

- Modelo: Mkl
- Volumen: 55 litros";https://es.wallapop.com/item/tabla-wingfoil-armstrong-55l-mkl-1302768040;[55];[];False;2026-09-28;Envío disponible;Disponible;https://cdn.wallapop.com/images/10420/lj/mu/__/c10420p1302768040/i6735568923.jpg?pictureSize=W640|https://cdn.wallapop.com/images/10420/lj/mu/__/c10420p1302768040/i6735568943.jpg?pictureSize=W640|https://cdn.wallapop.com/images/10420/lj/mu/__/c10420p1302768040/i6735568962.jpg?pictureSize=W640|https://cdn.wallapop.com/images/10420/lj/mu/__/c10420p1302768040/i6735568984.jpg?pictureSize=W640|https://cdn.wallapop.com/images/10420/lj/mu/__/c10420p1302768040/i6735569001.jpg?pictureSize=W640|https://cdn.wallapop.com/images/10420/lj/mu/__/c10420p1302768040/i6735569019.jpg?pictureSize=W640|https://cdn.wallapop.com/images/10420/lj/mu/__/c10420p1302768040/i6735569031.jpg?pictureSize=W640|https://cdn.wallapop.com/images/10420/lj/mu/__/c10420p1302768040/i6735569045.jpg?pictureSize=W640|https://cdn.wallapop.com/images/10420/lj/mu/__/c10420p1302768040/i6735569060.jpg?pictureSize=W640|https://cdn.wallapop.com/images/10420/lj/mu/__/c10420p1302768040/i6735569079.jpg?pictureSize=W640
Tabla Wingfoil Starboard;745.0;Marbella, 29660;"Tabla de wingfoil Starboard de 6'7 . 115 litros. Perfecta para aprender y progesar super rapido. Ideal tambien para muy poco viento. Despegue rapido y super estable. Esta en perfectas condiciones.

- Tabla Starboard.
- Tamaño 6'7
No incluye los straps ni el foil";https://es.wallapop.com/item/tabla-wingfoil-starboard-1297863629;[115];[];False;2026-09-18;Envío disponible;Disponible;https://cdn.wallapop.com/images/10420/lg/pp/__/c10420p1297863629/i6709863616.jpg?pictureSize=W640|https://cdn.wallapop.com/images/10420/lg/pp/__/c10420p1297863629/i6709863658.jpg?pictureSize=W640|https://cdn.wallapop.com/images/10420/lg/pp/__/c10420p1297863629/i6709863669.jpg?pictureSize=W640|https://cdn.wallapop.com/images/10420/lg/pp/__/c10420p1297863629/i6709863678.jpg?pictureSize=W640|https://cdn.wallapop.com/images/10420/lg/pp/__/c10420p1297863629/i6709863646.jpg?pictureSize=W640|https://cdn.wallapop.com/images/10420/lg/pp/__/c10420p1297863629/i6709863696.jpg?pictureSize=W640|https://cdn.wallapop.com/images/10420/lg/pp/__/c10420p1297863629/i6709863635.jpg?pictureSize=W640
Wingfoil Duotone Unit 3.5 Morado;320.0;Tarifa, 11380;"Ala de Wingfoil Duotone Unit 3.5
En excelente estado.
Cierre de cremallera perfecto.
Mochila perfecta. 
Leash ion incluido.
Luego subiré más fotos.";https://es.wallapop.com/item/wingfoil-duotone-unit-3-5-morado-1297757989;[];[];False;2026-09-27;Envío disponible;Disponible;https://cdn.wallapop.com/images/10420/lg/ng/__/c10420p1297757989/i6709351729.jpg?pictureSize=W640|https://cdn.wallapop.com/images/10420/lg/ng/__/c10420p1297757989/i6709351754.jpg?pictureSize=W640
Wingfoil Armstrong MA 1225;325.0;Berben, 11500;Ala de wingfoil Armstrong MA 1225 carbono;https://es.wallapop.com/item/wingfoil-armstrong-ma-1225-1290591033;[];[];False;2026-08-12;Envío disponible;Disponible;https://cdn.wallapop.com/images/10420/lc/du/__/c10420p1290591033/i6673020548.jpg?pictureSize=W640|https://cdn.wallapop.com/images/10420/lc/du/__/c10420p1290591033/i6673020579.jpg?pictureSize=W640
SAB Foil Wingfoil Kraken Pro;950.0;Barcelona, 08019;"Conjunto de foil para wingfoil SAB Foil, modelo Kraken Pro.

- Mástil de foil negro 82 Carbono 
- Ala delantera negra con detalles rojos y blancos modelo Razor 980
- Ala trasera negra 380.
- Sistema Kraken 
Probablemente la mejor ala para iniciarte con el Wingfoil para hacer donwind. Cogerás olas infinitas...

Tags: Sabfoil, Naish, takuma, ensis, north, ozone, Fone, airush, gong, code, duotone, amstrong, decathlon, ak, sunova,";https://es.wallapop.com/item/sab-foil-wingfoil-kraken-pro-1270203076;[];[];False;2026-08-19;Envío disponible;Disponible;https://cdn.wallapop.com/images/10420/l0/8u/__/c10420p1270203076/i6546775900.jpg?pictureSize=W640|https://cdn.wallapop.com/images/10420/l0/8u/__/c10420p1270203076/i6546775912.jpg?pictureSize=W640|https://cdn.wallapop.com/images/10420/l0/8u/__/c10420p1270203076/i6546775932.jpg?pictureSize=W640|https://cdn.wallapop.com/images/10420/l0/8u/__/c10420p1270203076/i6546775943.jpg?pictureSize=W640|https://cdn.wallapop.com/images/10420/l0/8u/__/c10420p1270203076/i6546775954.jpg?pictureSize=W640|https://cdn.wallapop.com/images/10420/l0/8u/__/c10420p1270203076/i6546775977.jpg?pictureSize=W640
Tabla Wingfoil Armstrong FG 70L 5'0 NUEVA;1250.0;Barcelona, 08028;"Tabla de wingfoil Armstrong FG, modelo 70 litros y 5'0 de eslora. Está en perfecto estado, como nueva.

- Diseño moderno y ligero.
- Superficie antideslizante.
- Logo de Armstrong visible.";https://es.wallapop.com/item/tabla-wingfoil-armstrong-fg-70l-5-0-nueva-1297294906;[70];[];False;2026-09-01;Envío disponible;Disponible;https://cdn.wallapop.com/images/10420/lg/dj/__/c10420p1297294906/i6706956790.jpg?pictureSize=W640|https://cdn.wallapop.com/images/10420/lg/dj/__/c10420p1297294906/i6706956797.jpg?pictureSize=W640|https://cdn.wallapop.com/images/10420/lg/dj/__/c10420p1297294906/i6706956795.jpg?pictureSize=W640|https://cdn.wallapop.com/images/10420/lg/dj/__/c10420p1297294906/i6706956794.jpg?pictureSize=W640|https://cdn.wallapop.com/images/10420/lg/dj/__/c10420p1297294906/i6706956796.jpg?pictureSize=W640
Bomba Kitesurf Wingfoil NORTH;15.0;Pals, 17256;"Bomba de aire para kitesurf y wingfoil de la marca NORTH. Incluye manguera y adaptadores.
15 € la unidad
- Bomba de mano NORTH.
- Manguera flexible.
- Adaptadores para diferentes válvulas.";https://es.wallapop.com/item/bomba-kitesurf-wingfoil-north-1307148740;[];[];False;2026-09-29;Envío disponible;Disponible;https://cdn.wallapop.com/images/10420/lm/8q/__/c10420p1307148740/i6759452094.jpg?pictureSize=W640|https://cdn.wallapop.com/images/10420/lm/8q/__/c10420p1307148740/i6759452199.jpg?pictureSize=W640|https://cdn.wallapop.com/images/10420/lm/8q/__/c10420p1307148740/i6759452281.jpg?pictureSize=W640
Vela F-One Swing 5m  V3 Wingfoil;575.0;Can Pastilla, 07610;"Vela de wingfoil F-One Swing V3.

- Modelo: Swing V3
- Marca: F-One
- Tipo: Wingfoil
- Material: Hitex
- Peso: 158 g / 178 g
- Canopy: Nano";https://es.wallapop.com/item/vela-f-one-swing-v3-wingfoil-1306278056;[];[5];False;2026-09-28;Envío disponible;Disponible;https://cdn.wallapop.com/images/10420/ll/q2/__/c10420p1306278056/i6754939634.jpg?pictureSize=W640|https://cdn.wallapop.com/images/10420/ll/q2/__/c10420p1306278056/i6754939622.jpg?pictureSize=W640|https://cdn.wallapop.com/images/10420/ll/q2/__/c10420p1306278056/i6754939631.jpg?pictureSize=W640|https://cdn.wallapop.com/images/10420/ll/q2/__/c10420p1306278056/i6754939633.jpg?pictureSize=W640
Tabla AK WingFoil Compact 105L;550.0;Guadalajara, 19005;"Tabla AK WingFoil Compact de 105 litros. Como nueva

- INCLUYE FUNDA!!
- Volumen: 105L
- Modelo: Compact
- Marca: AK

Posibilidad de hacer PACK con 2 tablas AK (74l y 105l), AK foil de carbono (1600) y 3 wings Starboard (4m/5m/6m)  para mas informacion contacta conmigo. 
Mas fotos en mi perfil.";https://es.wallapop.com/item/tabla-ak-wingfoil-compact-105l-1302058359;[74, 105];[4, 5, 6];False;2026-09-15;Envío disponible;Disponible;https://cdn.wallapop.com/images/10420/lj/7m/__/c10420p1302058359/i6729788293.jpg?pictureSize=W640|https://cdn.wallapop.com/images/10420/lj/7m/__/c10420p1302058359/i6729788303.jpg?pictureSize=W640|https://cdn.wallapop.com/images/10420/lj/7m/__/c10420p1302058359/i6729788312.jpg?pictureSize=W640
Tabla Wingfoil AFS Fly 75L 5.4;400.0;Figueres, 17600;"Tabla de wingfoil AFS Fly de 75 litros.

-construcción sándwich PVC/Fiber Glass
- Incluye bolsa de transporte casi sin uso. De su tamaño.";https://es.wallapop.com/item/tabla-wingfoil-afs-fly-75l-5-4-1302976383;[75];[];False;2026-09-17;Envío disponible;Disponible;https://cdn.wallapop.com/images/10420/lj/rb/__/c10420p1302976383/i6736708892.jpg?pictureSize=W640|https://cdn.wallapop.com/images/10420/lj/rb/__/c10420p1302976383/i6736708901.jpg?pictureSize=W640|https://cdn.wallapop.com/images/10420/lj/rb/__/c10420p1302976383/i6736708914.jpg?pictureSize=W640|https://cdn.wallapop.com/images/10420/lj/rb/__/c10420p1302976383/i6736708917.jpg?pictureSize=W640|https://cdn.wallapop.com/images/10420/lj/rb/__/c10420p1302976383/i6736708924.jpg?pictureSize=W640|https://cdn.wallapop.com/images/10420/lj/rb/__/c10420p1302976383/i6736708935.jpg?pictureSize=W640|https://cdn.wallapop.com/images/10420/lj/rb/__/c10420p1302976383/i6736708944.jpg?pictureSize=W640|https://cdn.wallapop.com/images/10420/lj/rb/__/c10420p1302976383/i6736708955.jpg?pictureSize=W640|https://cdn.wallapop.com/images/10420/lj/rb/__/c10420p1302976383/i6736708963.jpg?pictureSize=W640|https://cdn.wallapop.com/images/10420/lj/rb/__/c10420p1302976383/i6736708974.jpg?pictureSize=W640
Camiseta Wingfoil Personalizada;14.99;Esposende, 4740-207;"Camiseta personalizada com tema de wingfoil.

- Design exclusivo.
- Confortável e estilosa.
- Tema wingfoil e mandalorian 
- Disponível em preto ou branco 
- Disponível em vários  tamanhos 
#thisistheway #wingfoil #customtshirt #funnytshirt";https://es.wallapop.com/item/camiseta-wingfoil-personalizada-1299672137;[];[];False;2026-09-08;Envío disponible;Disponible;https://cdn.wallapop.com/images/10420/lh/sh/__/c10420p1299672137/i6718451451.jpg?pictureSize=W640|https://cdn.wallapop.com/images/10420/lh/sh/__/c10420p1299672137/i6718451472.jpg?pictureSize=W640
Foil AK Wingfoil Plasma 1600;750.0;Guadalajara, 19005;"Conjunto de foil AK Wingfoil Plasma 1600.

- FrontWing 1600 Plasma
- Mástil de carbono 80 cm
- Ala trasera de 300
- Fuselaje aluminio 61 cm
- Incluye fundas protectoras.

Posibilidad de hacer PACK con 2 tablas AK (74l y 105l), AK foil de carbono (1600) y 3 wings Starboard (4m/5m/6m)  para mas informacion contacta conmigo. 
Mas fotos en mi perfil.";https://es.wallapop.com/item/foil-ak-wingfoil-plasma-1600-1302062837;[74, 105];[4, 5, 6];False;2026-09-15;Envío disponible;Disponible;https://cdn.wallapop.com/images/10420/lj/7q/__/c10420p1302062837/i6729811463.jpg?pictureSize=W640|https://cdn.wallapop.com/images/10420/lj/7q/__/c10420p1302062837/i6729811466.jpg?pictureSize=W640
North Mode Pro 4.2m 2026 wing wingfoil;850.0;Tarifa, 11380;"Wing de wingfoil North Mode Pro de 4.2 del 2026 totalmente nuevo a estrenar, modelo tope gama incluida la botavara también 

- Modelo: Mode Pro
- Tamaño: 4.2
- Año: 2026
- Tejido: N-Weave

Tambien tengo 3,5m y 4,8";https://es.wallapop.com/item/north-mode-pro-4-2m-2026-wing-wingfoil-1302384726;[];[3.5, 4.2];False;2026-09-16;Envío disponible;Disponible;https://cdn.wallapop.com/images/10420/lj/em/__/c10420p1302384726/i6731416349.jpg?pictureSize=W640
Vela Wingfoil North Mode 7m 2024;400.0;Son Carrio, 07540;"Vela de wingfoil North Mode de 7 metros, modelo 2024. Diseñada para ofrecer un rendimiento óptimo.

- Color principal blanco con detalles en verde.
- Ventanas transparentes para visibilidad.
- Logotipo 'NORTH' y 'MODE 7.0' visibles.";https://es.wallapop.com/item/vela-wingfoil-north-mode-7m-2024-1291528281;[];[7];False;2026-09-01;Envío disponible;Disponible;https://cdn.wallapop.com/images/10420/lc/xx/__/c10420p1291528281/i6678438687.jpg?pictureSize=W640|https://cdn.wallapop.com/images/10420/lc/xx/__/c10420p1291528281/i6678438704.jpg?pictureSize=W640|https://cdn.wallapop.com/images/10420/lc/xx/__/c10420p1291528281/i6678438726.jpg?pictureSize=W640|https://cdn.wallapop.com/images/10420/lc/xx/__/c10420p1291528281/i6678438708.jpg?pictureSize=W640|https://cdn.wallapop.com/images/10420/lc/xx/__/c10420p1291528281/i6678438706.jpg?pictureSize=W640
Duotone Unit SLS 4.5 Wingfoil 2026;800.0;Tarifa, 11380;"Wingfoil Duotone Unit SLS de 4.5 metros cuadrados.sin barra , 60 euros la barra. Diseñada para ofrecer un rendimiento excepcional.

- Material: Tejido ligero y resistente.
- Diseño: Forma aerodinámica para un mejor control.
- Color: Base amarilla con detalles en blanco y turquesa.";https://es.wallapop.com/item/duotone-unit-sls-4-5-wingfoil-1302400115;[];[4.5];False;2026-09-17;Envío disponible;Disponible;https://cdn.wallapop.com/images/10420/lj/ey/__/c10420p1302400115/i6731488344.jpg?pictureSize=W640|https://cdn.wallapop.com/images/10420/lj/ey/__/c10420p1302400115/i6731488385.jpg?pictureSize=W640|https://cdn.wallapop.com/images/10420/lj/ey/__/c10420p1302400115/i6731488424.jpg?pictureSize=W640|https://cdn.wallapop.com/images/10420/lj/ey/__/c10420p1302400115/i6731488403.jpg?pictureSize=W640|https://cdn.wallapop.com/images/10420/lj/ey/__/c10420p1302400115/i6731488367.jpg?pictureSize=W640
Mástil F-One Wingfoil 65 Completo;200.0;Tarifa, 11380;"Mástil F-One para wingfoil de 65 cm. 
Usado pero con mucha vida. 
Las partes se separan sin problema (sin corrosion o tornillos atascados)

Se puede ver y recoger en Tarifa o El Puerto de Santa Maria

- Color azul.
- Incluye titan y base de montaje.";https://es.wallapop.com/item/mastil-f-one-wingfoil-65-completo-1301564511;[];[];False;2026-09-26;Envío disponible;Disponible;https://cdn.wallapop.com/images/10420/li/x1/__/c10420p1301564511/i6727445922.jpg?pictureSize=W640|https://cdn.wallapop.com/images/10420/li/x1/__/c10420p1301564511/i6727445949.jpg?pictureSize=W640|https://cdn.wallapop.com/images/10420/li/x1/__/c10420p1301564511/i6727445931.jpg?pictureSize=W640
Wing Wingfoil Ozone Flow 3.6m2 e 4.3m2;570.0;Viana do Castelo, 4900-533;"Wing de wingfoil Ozone Flow disponivel em 3.6  e também 4.3 metros cuadrados. 
- Tamaño: 3.6m2
- Modelo: Flow
- Marca: Ozone";https://es.wallapop.com/item/wing-wingfoil-ozone-flow-3-6m2-e-4-3m2-1292514490;[];[3.6, 4.3];False;2026-08-19;Envío disponible;Disponible;https://cdn.wallapop.com/images/10420/ld/j2/__/c10420p1292514490/i6684042448.jpg?pictureSize=W640|https://cdn.wallapop.com/images/10420/ld/j2/__/c10420p1292514490/i6684042480.jpg?pictureSize=W640|https://cdn.wallapop.com/images/10420/ld/j2/__/c10420p1292514490/i6684042478.jpg?pictureSize=W640
Tabla Wingfoil NEYRAFOILS 63l (CAMBIO por 75l);350.0;Valencia, 46008;"Tabla de wing NEYRAFOILS de 63 litros. Regalo funda (tiene las cremalleras para cambiar, aunque se puede seguir utilizando si no se quiere). Muy parecida a la takoon glide 65 litros. La he usado menos de 10 veces porque tiene pocos litros para mi nivel.

- Color: Amarillo neón.
- Grip antideslizante
- Diseño con grip de hexágonos grises.
- Asas de sujeción negras.

Cambio por una de 75l tipo Duotone Sky style o takoon glide de unos 75 litros";https://es.wallapop.com/item/tabla-wingfoil-neyrafoils-63l-cambio-por-75l-1296348518;[63, 65, 75];[];False;2026-09-26;Envío disponible;Disponible;https://cdn.wallapop.com/images/10420/lf/t8/__/c10420p1296348518/i6702577440.jpg?pictureSize=W640|https://cdn.wallapop.com/images/10420/lf/t8/__/c10420p1296348518/i6702577554.jpg?pictureSize=W640|https://cdn.wallapop.com/images/10420/lf/t8/__/c10420p1296348518/i6702577688.jpg?pictureSize=W640|https://cdn.wallapop.com/images/10420/lf/t8/__/c10420p1296348518/i6702577604.jpg?pictureSize=W640|https://cdn.wallapop.com/images/10420/lf/t8/__/c10420p1296348518/i6702577664.jpg?pictureSize=W640|https://cdn.wallapop.com/images/10420/lf/t8/__/c10420p1296348518/i6702577520.jpg?pictureSize=W640|https://cdn.wallapop.com/images/10420/lf/t8/__/c10420p1296348518/i6702577630.jpg?pictureSize=W640|https://cdn.wallapop.com/images/10420/lf/t8/__/c10420p1296348518/i6702577700.jpg?pictureSize=W640|https://cdn.wallapop.com/images/10420/lf/t8/__/c10420p1296348518/i6702577466.jpg?pictureSize=W640|https://cdn.wallapop.com/images/10420/lf/t8/__/c10420p1296348518/i6702577586.jpg?pictureSize=W640
Tabla Wingfoil midlength Neyra Corsair  5'6;690.0;Santoña, 39740;Tabla de wingfoil Neyra de 5,6 / 19 1/2 y 70 litros . La mejor tabla que he tenido hasta el momento . Con ella he salido 10 km en linea recta hacia alta mar y desde ahi he navegado en solitario 130 km en 6 horas sin parar . Vale para coger olazas , para coger olitas , para coger ondas, para down wind , es la ostia . Vendo en buen estado . Vendo pke me he cogido la duotone dlab pero sino no la vendia . Precio no negociable ni un euro .  Es full carbon.  No mareantes por favor . Precio no negociable . Esta tabla es una inversion . Aciertas seguro con ella .;https://es.wallapop.com/item/tabla-wingfoil-neyra-5-6-1292400049;[70];[];False;2026-08-26;Envío disponible;Disponible;https://cdn.wallapop.com/images/10420/ld/gm/__/c10420p1292400049/i6687121950.jpg?pictureSize=W640|https://cdn.wallapop.com/images/10420/ld/gm/__/c10420p1292400049/i6687122042.jpg?pictureSize=W640|https://cdn.wallapop.com/images/10420/ld/gm/__/c10420p1292400049/i6687121991.jpg?pictureSize=W640
Wingfoil foil Mástil F-ONE 95;830.0;Benicasim, 12560;"Se vende mástil fone hm 95 en muy buen estado 

- Mástil F-ONE 95 cm.
-";https://es.wallapop.com/item/mastil-f-one-95---eagle-x-700-1303343641;[];[];False;2026-09-27;Envío disponible;Disponible;https://cdn.wallapop.com/images/10420/lj/z6/__/c10420p1303343641/i6739846054.jpg?pictureSize=W640|https://cdn.wallapop.com/images/10420/lj/z6/__/c10420p1303343641/i6739846073.jpg?pictureSize=W640|https://cdn.wallapop.com/images/10420/lj/z6/__/c10420p1303343641/i6739846081.jpg?pictureSize=W640|https://cdn.wallapop.com/images/10420/lj/z6/__/c10420p1303343641/i6739846097.jpg?pictureSize=W640|https://cdn.wallapop.com/images/10420/lj/z6/__/c10420p1303343641/i6739846117.jpg?pictureSize=W640|https://cdn.wallapop.com/images/10420/lj/z6/__/c10420p1303343641/i6739846130.jpg?pictureSize=W640|https://cdn.wallapop.com/images/10420/lj/z6/__/c10420p1303343641/i6739846147.jpg?pictureSize=W640|https://cdn.wallapop.com/images/10420/lj/z6/__/c10420p1303343641/i6739846166.jpg?pictureSize=W640|https://cdn.wallapop.com/images/10420/lj/z6/__/c10420p1303343641/i6739846191.jpg?pictureSize=W640|https://cdn.wallapop.com/images/10420/lj/z6/__/c10420p1303343641/i6752106572.jpg?pictureSize=W640
Tabla Amos Wingfoil 7,2;900.0;A Coruña, 15005;"Tabla de wingfoil Amos de 7,2 x 19 1/2 y 115 litros usada pero en super buen estado.

Algún ralladito del uso diario de apoyarla al montar, etc y un micro golpe en la proa reparado., por no ocultar nada...

Ideal para Wing Foil en viento limite, Down Wind, Sup Foil. Yo la uso fundamewntalmente para wing en vientos de 8 a 14 nudos y para algún DW, la tabla sale a volar Increible.

La calidad de construcción y de los materiales usados es alucinante, resinas y carbonos de super calidad y procesos de laminado top, se nota en la duración de la tabla y com envejece. Te va a durar mas esta tabla que cualquier gong comprada nueva.";https://es.wallapop.com/item/tabla-amos-wingfoil-7-2-1293291762;[115];[];False;2026-08-21;Envío disponible;Disponible;https://cdn.wallapop.com/images/10420/ld/zq/__/c10420p1293291762/i6688520647.jpg?pictureSize=W640|https://cdn.wallapop.com/images/10420/ld/zq/__/c10420p1293291762/i6688520869.jpg?pictureSize=W640|https://cdn.wallapop.com/images/10420/ld/zq/__/c10420p1293291762/i6688520733.jpg?pictureSize=W640|https://cdn.wallapop.com/images/10420/ld/zq/__/c10420p1293291762/i6688520789.jpg?pictureSize=W640|https://cdn.wallapop.com/images/10420/ld/zq/__/c10420p1293291762/i6688520746.jpg?pictureSize=W640|https://cdn.wallapop.com/images/10420/ld/zq/__/c10420p1293291762/i6688520750.jpg?pictureSize=W640|https://cdn.wallapop.com/images/10420/ld/zq/__/c10420p1293291762/i6688520892.jpg?pictureSize=W640|https://cdn.wallapop.com/images/10420/ld/zq/__/c10420p1293291762/i6688520935.jpg?pictureSize=W640|https://cdn.wallapop.com/images/10420/ld/zq/__/c10420p1293291762/i6688520945.jpg?pictureSize=W640
Wingfoil RRD Kitefoil;725.0;Málaga, 29012;"Wingfoil RRD Kitefoil 

- Mástil de aluminio de 75 cm.
- Ala delantera Blaze de carbono 750cm, si prefieres un front balze 530cm también es posible,  tú eliges.
- Ala trasera de carbono 210cm.
Fuselaje de 66cm. Equipo completo para las dos modalidades de foil. Si lo tuyo es Kitefoil lo tienes todo. Si tú modalidad es el wingfoil solo necesitas un frontwing más porque el 750cm esta perfecto para vientos moderados y fuertes. Los 4 tornillos del mástil estan incluidos pero no están en la foto.";https://es.wallapop.com/item/wingfoil-rrd-kitefoil-1303951619;[];[];False;2026-09-26;Envío disponible;Disponible;https://cdn.wallapop.com/images/10420/lk/c7/__/c10420p1303951619/i6742090057.jpg?pictureSize=W640|https://cdn.wallapop.com/images/10420/lk/c7/__/c10420p1303951619/i6742090067.jpg?pictureSize=W640|https://cdn.wallapop.com/images/10420/lk/c7/__/c10420p1303951619/i6742090084.jpg?pictureSize=W640|https://cdn.wallapop.com/images/10420/lk/c7/__/c10420p1303951619/i6742090100.jpg?pictureSize=W640|https://cdn.wallapop.com/images/10420/lk/c7/__/c10420p1303951619/i6742090109.jpg?pictureSize=W640|https://cdn.wallapop.com/images/10420/lk/c7/__/c10420p1303951619/i6742090120.jpg?pictureSize=W640|https://cdn.wallapop.com/images/10420/lk/c7/__/c10420p1303951619/i6742090132.jpg?pictureSize=W640
Foil Windsurf + Acople WingFoil;600.0;Castellón de la Plana/Castelló de la Plana, 12001;"Conjunto de foil para windsurf con un acople adicional para wingfoil.

- Foil principal de color azul con marca NEILPRYDE. (300€)
- Ala delantera de carbono negra con marca FLIGHTAL.
- Ala trasera de carbono negra con marca FLIGHTAL.
-Incluye tornillería Inox 
- Acople de carbono prácticamente nuevo, 3 usos (300€)";https://es.wallapop.com/item/foil-windsurf---acople-wingfoil-1276451825;[];[];False;2026-08-31;Envío disponible;Disponible;https://cdn.wallapop.com/images/10420/l3/ys/__/c10420p1276451825/i6583297533.jpg?pictureSize=W640|https://cdn.wallapop.com/images/10420/l3/ys/__/c10420p1276451825/i6583297607.jpg?pictureSize=W640|https://cdn.wallapop.com/images/10420/l3/ys/__/c10420p1276451825/i6583297553.jpg?pictureSize=W640|https://cdn.wallapop.com/images/10420/l3/ys/__/c10420p1276451825/i6583297581.jpg?pictureSize=W640|https://cdn.wallapop.com/images/10420/l3/ys/__/c10420p1276451825/i6583297622.jpg?pictureSize=W640|https://cdn.wallapop.com/images/10420/l3/ys/__/c10420p1276451825/i6583297570.jpg?pictureSize=W640|https://cdn.wallapop.com/images/10420/l3/ys/__/c10420p1276451825/i6583297563.jpg?pictureSize=W640|https://cdn.wallapop.com/images/10420/l3/ys/__/c10420p1276451825/i6583297600.jpg?pictureSize=W640|https://cdn.wallapop.com/images/10420/l3/ys/__/c10420p1276451825/i6583297548.jpg?pictureSize=W640|https://cdn.wallapop.com/images/10420/l3/ys/__/c10420p1276451825/i6583297591.jpg?pictureSize=W640
Pack 3 Alas Wingfoil Duotone SLS (4, 5, 6m);2150.0;Cádiz, 11006;"Se vende pack de 3 alas de wingfoil Duotone SLS. Sin reparaciones, como nuevos.

- Ala de 4 metros. (Por separado 700€)
- Ala de 5 metros. (Por separado 750€)
- Ala de 6 metros. (Por separado 800€)

Las fotos son del wing de 5 metros, tanto el de 4m como el de 6m tienen menos uso. Estan en perfectas condiciones.";https://es.wallapop.com/item/pack-3-alas-wingfoil-duotone-sls-4-5-6m-1294591628;[];[4, 5, 6];False;2026-09-17;Envío disponible;Disponible;https://cdn.wallapop.com/images/10420/le/rl/__/c10420p1294591628/i6694573206.jpg?pictureSize=W640|https://cdn.wallapop.com/images/10420/le/rl/__/c10420p1294591628/i6694573337.jpg?pictureSize=W640|https://cdn.wallapop.com/images/10420/le/rl/__/c10420p1294591628/i6694573224.jpg?pictureSize=W640|https://cdn.wallapop.com/images/10420/le/rl/__/c10420p1294591628/i6694573265.jpg?pictureSize=W640|https://cdn.wallapop.com/images/10420/le/rl/__/c10420p1294591628/i6694573279.jpg?pictureSize=W640|https://cdn.wallapop.com/images/10420/le/rl/__/c10420p1294591628/i6694573318.jpg?pictureSize=W640|https://cdn.wallapop.com/images/10420/le/rl/__/c10420p1294591628/i6694573308.jpg?pictureSize=W640|https://cdn.wallapop.com/images/10420/le/rl/__/c10420p1294591628/i6694573252.jpg?pictureSize=W640|https://cdn.wallapop.com/images/10420/le/rl/__/c10420p1294591628/i6694577859.jpg?pictureSize=W640|https://cdn.wallapop.com/images/10420/le/rl/__/c10420p1294591628/i6694577880.jpg?pictureSize=W640
Wing Wingfoil North Mode Pro 4.2m;850.0;Tarifa, 11380;"Wing de wingfoil North Mode Pro de 4.2 metros. Diseñada para ofrecer un rendimiento excepcional.
Modelo tope gama mode pro 2026

Totalmente nuevo, también incluye la botavara nueva 
- Tamaño: 4.2m.";https://es.wallapop.com/item/wing-wingfoil-north-mode-pro-4-2m-1302380923;[];[4.2];False;2026-09-16;Envío disponible;Disponible;https://cdn.wallapop.com/images/10420/lj/ej/__/c10420p1302380923/i6731398265.jpg?pictureSize=W640|https://cdn.wallapop.com/images/10420/lj/ej/__/c10420p1302380923/i6731398276.jpg?pictureSize=W640
Tabla de Wingfoil Duotone Sky Air;550.0;Berben, 11500;"Tabla de wingfoil Duotone modelo Sky Air, con un diseño llamativo en tonos azules y detalles en rojo.

- Superficie con pad antideslizante.
- Tres footstraps de la marca Duotone instalados.
- Válvula de inflado en la parte superior.";https://es.wallapop.com/item/tabla-de-wingfoil-duotone-sky-air-1306846843;[];[];False;2026-09-28;Envío disponible;Disponible;https://cdn.wallapop.com/images/10420/lm/29/__/c10420p1306846843/i6757720274.jpg?pictureSize=W640|https://cdn.wallapop.com/images/10420/lm/29/__/c10420p1306846843/i6757720282.jpg?pictureSize=W640|https://cdn.wallapop.com/images/10420/lm/29/__/c10420p1306846843/i6757720325.jpg?pictureSize=W640|https://cdn.wallapop.com/images/10420/lm/29/__/c10420p1306846843/i6757720293.jpg?pictureSize=W640|https://cdn.wallapop.com/images/10420/lm/29/__/c10420p1306846843/i6757720303.jpg?pictureSize=W640
Mástil Armstrong Performance 935mm wingfoil;850.0;Valencia, 46009;"Mástil Armstrong Performance 935mm – A+ System

Muy buen estado, sin golpes ni reparaciones. Con funda original.
Mástil carbono de alta gama, rígido y con poca ventilación.
Ideal para wing, kite y tow.";https://es.wallapop.com/item/mastil-armstrong-performance-935mm-1307099011;[];[];False;2026-09-29;Envío disponible;Disponible;https://cdn.wallapop.com/images/10420/lm/7o/__/c10420p1307099011/i6759166956.jpg?pictureSize=W640|https://cdn.wallapop.com/images/10420/lm/7o/__/c10420p1307099011/i6759166987.jpg?pictureSize=W640|https://cdn.wallapop.com/images/10420/lm/7o/__/c10420p1307099011/i6759166976.jpg?pictureSize=W640|https://cdn.wallapop.com/images/10420/lm/7o/__/c10420p1307099011/i6759199371.jpg?pictureSize=W640|https://cdn.wallapop.com/images/10420/lm/7o/__/c10420p1307099011/i6759199359.jpg?pictureSize=W640|https://cdn.wallapop.com/images/10420/lm/7o/__/c10420p1307099011/i6759199356.jpg?pictureSize=W640|https://cdn.wallapop.com/images/10420/lm/7o/__/c10420p1307099011/i6759199347.jpg?pictureSize=W640|https://cdn.wallapop.com/images/10420/lm/7o/__/c10420p1307099011/i6759199375.jpg?pictureSize=W640|https://cdn.wallapop.com/images/10420/lm/7o/__/c10420p1307099011/i6759199324.jpg?pictureSize=W640|https://cdn.wallapop.com/images/10420/lm/7o/__/c10420p1307099011/i6759199334.jpg?pictureSize=W640
Tabla Wingfoil RRD Beluga 75 LTE perfecto estado;560.0;Mataró, 08301;Tabla de 75 litros 160cm x 62cm del 2024 ideal para saltos, maniobras y para progresar en el Wingfoil. Con dos juegos de footstrapas y leash. Recomendada para riders de no más de 80kg. Tiene una reparación pero no afecta ni al paseo no a la estética. En la proa le ha saltado la pintura pero no es ninguna rotura, se puede pintar. Usé un año y la he tenido un año sin usar, muy bien cuidada.;https://es.wallapop.com/item/wingfoil-rrd-tabla-beluga-75-lte-perfecto-estado-1234934304;[75];[];False;2026-08-21;Envío disponible;Disponible;https://cdn.wallapop.com/images/10420/kf/8x/__/c10420p1234934304/i6321140680.jpg?pictureSize=W640|https://cdn.wallapop.com/images/10420/kf/8x/__/c10420p1234934304/i6321140687.jpg?pictureSize=W640|https://cdn.wallapop.com/images/10420/kf/8x/__/c10420p1234934304/i6321140715.jpg?pictureSize=W640|https://cdn.wallapop.com/images/10420/kf/8x/__/c10420p1234934304/i6321140702.jpg?pictureSize=W640|https://cdn.wallapop.com/images/10420/kf/8x/__/c10420p1234934304/i6321140703.jpg?pictureSize=W640|https://cdn.wallapop.com/images/10420/kf/8x/__/c10420p1234934304/i6321140708.jpg?pictureSize=W640|https://cdn.wallapop.com/images/10420/kf/8x/__/c10420p1234934304/i6321140706.jpg?pictureSize=W640
Adaptador Bomba Duotone Kitesurf Wingfoil;6.0;Alzira, 46600;"Adaptador para bomba de inflado de la marca Duotone, compatible con equipos de kitesurf y wingfoil. Pieza de repuesto.

- Color: Negro y rojo.
- Material: Plástico resistente.";https://es.wallapop.com/item/adaptador-bomba-duotone-kitesurf-wingfoil-1275414851;[];[];False;2026-06-26;Envío disponible;Reservado;https://cdn.wallapop.com/images/10420/l3/ck/__/c10420p1275414851/i6577476387.jpg?pictureSize=W640|https://cdn.wallapop.com/images/10420/l3/ck/__/c10420p1275414851/i6577476407.jpg?pictureSize=W640|https://cdn.wallapop.com/images/10420/l3/ck/__/c10420p1275414851/i6577476422.jpg?pictureSize=W640
Tabla Wingfoil Limit Waves 80L;220.0;Bueu, 36939;"Tabla de wingfoil de la marca Limit Waves con 80 litros. Diseño con rejilla negra y detalles en carbono. Tiene un pequeño toque en el tail (foto). 

- Tapete antideslizante en la parte superior.";https://es.wallapop.com/item/tabla-wingfoil-limit-waves-80l-1293710529;[80];[];False;2026-08-22;Envío disponible;Disponible;https://cdn.wallapop.com/images/10420/le/8p/__/c10420p1293710529/i6690593701.jpg?pictureSize=W640|https://cdn.wallapop.com/images/10420/le/8p/__/c10420p1293710529/i6690593815.jpg?pictureSize=W640|https://cdn.wallapop.com/images/10420/le/8p/__/c10420p1293710529/i6690593785.jpg?pictureSize=W640|https://cdn.wallapop.com/images/10420/le/8p/__/c10420p1293710529/i6690593753.jpg?pictureSize=W640|https://cdn.wallapop.com/images/10420/le/8p/__/c10420p1293710529/i6690593735.jpg?pictureSize=W640|https://cdn.wallapop.com/images/10420/le/8p/__/c10420p1293710529/i6690593719.jpg?pictureSize=W640|https://cdn.wallapop.com/images/10420/le/8p/__/c10420p1293710529/i6690593798.jpg?pictureSize=W640|https://cdn.wallapop.com/images/10420/le/8p/__/c10420p1293710529/i6690593840.jpg?pictureSize=W640
F-ONE Rocket Wing 5'3 75L Wingfoil;400.0;Málaga, 29006;Tabla F-ONE Rocket Wing de 5'3 y 75 litros.La tabla esta bastante bien tienes los típicos arañazos de usarla,  pero nada importante,  la vendo por bajar de litros,  esta en Málaga y se puede probar sin compromiso;https://es.wallapop.com/item/f-one-rocket-wing-5-3-75l-wingfoil-1294471496;[75];[];False;2026-09-10;Envío disponible;Disponible;https://cdn.wallapop.com/images/10420/le/p0/__/c10420p1294471496/i6693981191.jpg?pictureSize=W640|https://cdn.wallapop.com/images/10420/le/p0/__/c10420p1294471496/i6693981198.jpg?pictureSize=W640|https://cdn.wallapop.com/images/10420/le/p0/__/c10420p1294471496/i6693981205.jpg?pictureSize=W640|https://cdn.wallapop.com/images/10420/le/p0/__/c10420p1294471496/i6693981216.jpg?pictureSize=W640|https://cdn.wallapop.com/images/10420/le/p0/__/c10420p1294471496/i6693981224.jpg?pictureSize=W640|https://cdn.wallapop.com/images/10420/le/p0/__/c10420p1294471496/i6693981232.jpg?pictureSize=W640|https://cdn.wallapop.com/images/10420/le/p0/__/c10420p1294471496/i6693981236.jpg?pictureSize=W640|https://cdn.wallapop.com/images/10420/le/p0/__/c10420p1294471496/i6693981243.jpg?pictureSize=W640|https://cdn.wallapop.com/images/10420/le/p0/__/c10420p1294471496/i6693981250.jpg?pictureSize=W640|https://cdn.wallapop.com/images/10420/le/p0/__/c10420p1294471496/i6693981263.jpg?pictureSize=W640
Tabla Wingfoil Flygroove 60L;420.0;Mioño, 39709;"Tabla de wingfoil Flygroove con 60 litros de volumen. 

*** Envío costaría unos 60€ aproximadamente (a cargo del comprador)

La he utilizado para practicar surffoil, wingfoil y parawing.
Es una tabla muy divertida, comoda, ligera y polivalente.

Incluye los straps originales de la tabla y su funda original flygroove

Está en muy buenas condiciones!!!";https://es.wallapop.com/item/tabla-wingfoil-flygroove-60l-1271940387;[60];[];False;2026-08-29;Envío disponible;Disponible;https://cdn.wallapop.com/images/10420/l1/a3/__/c10420p1271940387/i6557900414.jpg?pictureSize=W640|https://cdn.wallapop.com/images/10420/l1/a3/__/c10420p1271940387/i6557900419.jpg?pictureSize=W640|https://cdn.wallapop.com/images/10420/l1/a3/__/c10420p1271940387/i6557900421.jpg?pictureSize=W640|https://cdn.wallapop.com/images/10420/l1/a3/__/c10420p1271940387/i6557900416.jpg?pictureSize=W640|https://cdn.wallapop.com/images/10420/l1/a3/__/c10420p1271940387/i6557900418.jpg?pictureSize=W640
Tabla Wingfoil Ensis Rock'n'Roll 77L;265.0;Gallarta, 48500;"Tabla de wingfoil Ensis Rock'n'Roll 77.

- Medidas: 152 cm de largo, 60 cm de ancho.
- Volumen: 77 litros.
- Diseño con franjas naranjas y detalles en gris.

Perfecto para ir bajando de litros poco a poco o para gente con poco peso.

Precio algo negociable. En persona bajo algo más el precio al complicarme menos con la venta.

#wingfoil #wingsurf #foil #Slingshot #wing";https://es.wallapop.com/item/tabla-wingfoil-ensis-rock-n-roll-77l-1267746405;[77];[];False;2026-08-08;Envío disponible;Disponible;https://cdn.wallapop.com/images/10420/ky/s7/__/c10420p1267746405/i6530052638.jpg?pictureSize=W640|https://cdn.wallapop.com/images/10420/ky/s7/__/c10420p1267746405/i6530052645.jpg?pictureSize=W640|https://cdn.wallapop.com/images/10420/ky/s7/__/c10420p1267746405/i6530052650.jpg?pictureSize=W640|https://cdn.wallapop.com/images/10420/ky/s7/__/c10420p1267746405/i6530052655.jpg?pictureSize=W640|https://cdn.wallapop.com/images/10420/ky/s7/__/c10420p1267746405/i6530052658.jpg?pictureSize=W640|https://cdn.wallapop.com/images/10420/ky/s7/__/c10420p1267746405/i6530052664.jpg?pictureSize=W640|https://cdn.wallapop.com/images/10420/ky/s7/__/c10420p1267746405/i6530052672.jpg?pictureSize=W640
Pack Wingfoil F-ONE;1300.0;A Coruña, 15001;"Pack de wingfoil F-ONE. Perfecto para iniciación. En muy buen estado, sin reparaciones. Se envía video de todos los elementos.  

- Tabla 90l
- Foil F-ONE 2200cm 
- Vela de 5m^2
Entrega en persona: Vigo/A coruña";https://es.wallapop.com/item/pack-wingfoil-f-one-1297813486;[90];[5];False;2026-09-04;Envío disponible;Disponible;https://cdn.wallapop.com/images/10420/lg/on/__/c10420p1297813486/i6709623163.jpg?pictureSize=W640|https://cdn.wallapop.com/images/10420/lg/on/__/c10420p1297813486/i6709623224.jpg?pictureSize=W640
Wingfoil Ala Delantera Foil Takoon X-Glide V2 1950;125.0;Urbanizacion Cumbres de San Antonio, 46184;"Ala delantera de foil Takoon X-Glide V2 con un tamaño de 1950.

- Fabricada en carbono.
- Diseño aerodinámico.";https://es.wallapop.com/item/wingfoil-ala-delantera-foil-takoon-x-glide-v2-1950-1296030305;[];[];False;2026-08-30;Envío disponible;Disponible;https://cdn.wallapop.com/images/10420/lf/mf/__/c10420p1296030305/i6701189453.jpg?pictureSize=W640|https://cdn.wallapop.com/images/10420/lf/mf/__/c10420p1296030305/i6701189462.jpg?pictureSize=W640|https://cdn.wallapop.com/images/10420/lf/mf/__/c10420p1296030305/i6701189511.jpg?pictureSize=W640|https://cdn.wallapop.com/images/10420/lf/mf/__/c10420p1296030305/i6701189475.jpg?pictureSize=W640|https://cdn.wallapop.com/images/10420/lf/mf/__/c10420p1296030305/i6701189491.jpg?pictureSize=W640
North Mode Pro 3.5m wingfoil;750.0;Tarifa, 11380;"Totalmente nuevo a estrenar Wing de North, modelo Mode Pro de 3.5m del 2026 
Incluida también la botavara 
Modelo tope gama
También tengo 4,2 y 4,8";https://es.wallapop.com/item/north-mode-pro-3-5m-wingfoil-1302384078;[];[3.5];False;2026-09-16;Envío disponible;Disponible;https://cdn.wallapop.com/images/10420/lj/el/__/c10420p1302384078/i6731413380.jpg?pictureSize=W640
F-one Sk8 950 2026 wingfoil;780.0;Playa de Tavernes de La Valldigna, 46760;Avion completo F-one Titan 2 Sk8 950 + stab carving XS 158 para wingfoil, surfoil. Model 2026;https://es.wallapop.com/item/f-one-sk8-950-2026-wingfoil-1297515274;[];[];False;2026-09-28;Envío disponible;Disponible;https://cdn.wallapop.com/images/10420/lg/i9/__/c10420p1297515274/i6708123952.jpg?pictureSize=W640|https://cdn.wallapop.com/images/10420/lg/i9/__/c10420p1297515274/i6708123968.jpg?pictureSize=W640|https://cdn.wallapop.com/images/10420/lg/i9/__/c10420p1297515274/i6708123979.jpg?pictureSize=W640|https://cdn.wallapop.com/images/10420/lg/i9/__/c10420p1297515274/i6708123986.jpg?pictureSize=W640|https://cdn.wallapop.com/images/10420/lg/i9/__/c10420p1297515274/i6708123996.jpg?pictureSize=W640|https://cdn.wallapop.com/images/10420/lg/i9/__/c10420p1297515274/i6708124011.jpg?pictureSize=W640|https://cdn.wallapop.com/images/10420/lg/i9/__/c10420p1297515274/i6708124021.jpg?pictureSize=W640|https://cdn.wallapop.com/images/10420/lg/i9/__/c10420p1297515274/i6708124031.jpg?pictureSize=W640|https://cdn.wallapop.com/images/10420/lg/i9/__/c10420p1297515274/i6708124046.jpg?pictureSize=W640
Vela Wingfoil Free Wing X Airush 5.5mts;290.0;Can Pastilla, 07610;"Vela de wingfoil Free Wing X Air en buen estado. Lista para disfrutar del deporte.

- Color azul y rojo.
- Diseño aerodinámico.";https://es.wallapop.com/item/vela-wingfoil-free-wing-x-airush-5-5mts-1306071053;[];[];False;2026-09-28;Envío disponible;Disponible;https://cdn.wallapop.com/images/10420/ll/lm/__/c10420p1306071053/i6753874882.jpg?pictureSize=W640|https://cdn.wallapop.com/images/10420/ll/lm/__/c10420p1306071053/i6753874909.jpg?pictureSize=W640|https://cdn.wallapop.com/images/10420/ll/lm/__/c10420p1306071053/i6753874905.jpg?pictureSize=W640|https://cdn.wallapop.com/images/10420/ll/lm/__/c10420p1306071053/i6753874912.jpg?pictureSize=W640|https://cdn.wallapop.com/images/10420/ll/lm/__/c10420p1306071053/i6753874910.jpg?pictureSize=W640
Ala frontal wingfoil carbono Cabrinha;260.0;Chiclana de la Frontera, 11130;Ala frontal de wingfoil  Cabrinha en carbono de 1200, presenta algunos roces propios del uso que no afecta al uso. Compatible con Dakine. Vendo por pasar a un ala de menor superficie;https://es.wallapop.com/item/ala-frontal-wingfoil-carbono-cabrinha-1304191560;[];[];False;2026-09-21;Envío disponible;Disponible;https://cdn.wallapop.com/images/10420/lk/hc/__/c10420p1304191560/i6743443217.jpg?pictureSize=W640|https://cdn.wallapop.com/images/10420/lk/hc/__/c10420p1304191560/i6743443250.jpg?pictureSize=W640
AK Foil Tracer 800 Kitesurf/Wingfoil/Surf Foil;799.0;Barcelona, 08019;"Conjunto de foil AK, modelo Tracer 800, con ala delantera de 800, estabilizador de 180 y mástil de 80.

- Ala delantera azul con número 800.
- Mástil negro con detalles blancos.
- Ala principal negra con TRACER 800 
 Podría cambiar por un bicicleta enduro talla L + diferencia.

Tags: Sabfoil, Naish, takuma, ensis, north, ozone, Fone, airush, gong, code, duotone, amstrong, decathlon, ak, sunova,";https://es.wallapop.com/item/ak-foil-tracer-800-kitesurf-wingfoil-surf-foil-1302418270;[];[];False;2026-09-16;Envío disponible;Disponible;https://cdn.wallapop.com/images/10420/lj/fc/__/c10420p1302418270/i6731576260.jpg?pictureSize=W640|https://cdn.wallapop.com/images/10420/lj/fc/__/c10420p1302418270/i6731576277.jpg?pictureSize=W640|https://cdn.wallapop.com/images/10420/lj/fc/__/c10420p1302418270/i6731576290.jpg?pictureSize=W640|https://cdn.wallapop.com/images/10420/lj/fc/__/c10420p1302418270/i6731576322.jpg?pictureSize=W640|https://cdn.wallapop.com/images/10420/lj/fc/__/c10420p1302418270/i6731576345.jpg?pictureSize=W640
Vela Wingfoil Eleveight GT3+ 6m 2025;600.0;Pobla, 07420;"Vela de wingfoil Eleveight GT3+ de 6 metros.

- Modelo: GT3+
- Tamaño: 6 m
- Marca: Eleveight
- Diseño: GT3+ con detalles en verde y azul.
-2025";https://es.wallapop.com/item/vela-wingfoil-eleveight-gt3--6m-1287593997;[];[6];False;2026-09-29;Envío disponible;Disponible;https://cdn.wallapop.com/images/10420/la/ll/__/c10420p1287593997/i6653282163.jpg?pictureSize=W640|https://cdn.wallapop.com/images/10420/la/ll/__/c10420p1287593997/i6653282191.jpg?pictureSize=W640|https://cdn.wallapop.com/images/10420/la/ll/__/c10420p1287593997/i6653282216.jpg?pictureSize=W640|https://cdn.wallapop.com/images/10420/la/ll/__/c10420p1287593997/i6653282248.jpg?pictureSize=W640|https://cdn.wallapop.com/images/10420/la/ll/__/c10420p1287593997/i6653282270.jpg?pictureSize=W640|https://cdn.wallapop.com/images/10420/la/ll/__/c10420p1287593997/i6653297090.jpg?pictureSize=W640|https://cdn.wallapop.com/images/10420/la/ll/__/c10420p1287593997/i6653297226.jpg?pictureSize=W640
Tavola Wingfoil Naish Hover Ascend 72L;530.0;In via aloi, 90125;"Tavola da wingfoil Naish Hover Ascend con volume di 72 litri. Design moderno e prestazioni eccellenti.

- Modello: Naish Hover Ascend
- Volume: 72L
- Colore: Bianco e nero con dettagli blu
Anno 2024 tavala usata, ma in ottime condizioni, comprese le straps, no leash, no sacca";https://es.wallapop.com/item/tavola-wingfoil-naish-hover-ascend-72l-1301804246;[72];[];False;2026-09-14;Envío disponible;Disponible;https://cdn.wallapop.com/images/10420/lj/26/__/c10420p1301804246/i6728544098.jpg?pictureSize=W640|https://cdn.wallapop.com/images/10420/lj/26/__/c10420p1301804246/i6728544140.jpg?pictureSize=W640|https://cdn.wallapop.com/images/10420/lj/26/__/c10420p1301804246/i6728544118.jpg?pictureSize=W640|https://cdn.wallapop.com/images/10420/lj/26/__/c10420p1301804246/i6728544128.jpg?pictureSize=W640|https://cdn.wallapop.com/images/10420/lj/26/__/c10420p1301804246/i6728544153.jpg?pictureSize=W640|https://cdn.wallapop.com/images/10420/lj/26/__/c10420p1301804246/i6728544163.jpg?pictureSize=W640
Wingfoil RRD Beluga 75 LTD;700.0;Molins de Rei, 08750;"Tabla de wingfoil RRD Beluga 75 LTD Y30
- Dimensiones 160x61cm
- Peso 5,2kg
- Incluye footstraps RRD.";https://es.wallapop.com/item/wingfoil-rrd-beluga-75-ltd-1279199618;[];[];False;2026-09-23;Envío disponible;Disponible;https://cdn.wallapop.com/images/10420/l5/lo/__/c10420p1279199618/i6601782849.jpg?pictureSize=W640|https://cdn.wallapop.com/images/10420/l5/lo/__/c10420p1279199618/i6601782870.jpg?pictureSize=W640
RRD Mast Wingfoil Universal Alu 85cm;160.0;Riva del Garda, 38060;"Mast RRD Universal Alu per wingfoil, lunghezza 85cm. Realizzato in alluminio.

- Design con strisce arancioni.
- Include custodia protettiva nera.";https://es.wallapop.com/item/rrd-mast-wingfoil-universal-alu-85cm-1303472883;[];[];False;2026-09-27;Envío disponible;Disponible;https://cdn.wallapop.com/images/10420/lk/1y/__/c10420p1303472883/i6739434690.jpg?pictureSize=W640|https://cdn.wallapop.com/images/10420/lk/1y/__/c10420p1303472883/i6739434923.jpg?pictureSize=W640|https://cdn.wallapop.com/images/10420/lk/1y/__/c10420p1303472883/i6739434913.jpg?pictureSize=W640|https://cdn.wallapop.com/images/10420/lk/1y/__/c10420p1303472883/i6739434915.jpg?pictureSize=W640|https://cdn.wallapop.com/images/10420/lk/1y/__/c10420p1303472883/i6739434920.jpg?pictureSize=W640|https://cdn.wallapop.com/images/10420/lk/1y/__/c10420p1303472883/i6739434901.jpg?pictureSize=W640
Equipo Wingfoil F-one Completo NUEVO;1499.0;Cómpeta, 29754;"Se vende equipo completo de wingfoil F-one.

- Tabla F-one Rocket Wing 60L
- Foil F-one Phantom.1650
- Wing F-one Swing 4.5m

Mas info por whatsap 
692540017";https://es.wallapop.com/item/equipo-wingfoil-f-one-completo-nuevo-2026-1300085521;[60];[4.5];False;2026-09-10;Envío disponible;Disponible;https://cdn.wallapop.com/images/10420/li/1c/__/c10420p1300085521/i6720928028.jpg?pictureSize=W640|https://cdn.wallapop.com/images/10420/li/1c/__/c10420p1300085521/i6720928084.jpg?pictureSize=W640|https://cdn.wallapop.com/images/10420/li/1c/__/c10420p1300085521/i6720928072.jpg?pictureSize=W640|https://cdn.wallapop.com/images/10420/li/1c/__/c10420p1300085521/i6720928048.jpg?pictureSize=W640
Tabla Wingfoil Armstrong FG 80L;800.0;Barcelona, 08005;"- Salvo alguna marca de uso en la cubierta la tienes impecable y con su peso original de fábrica.
- Sin reparaciones, tan solo el pad se volvió a encolar por burbuja en el strap de atras (esto suele ocurrir en estas tablas)
- Incluye la funda original.";https://es.wallapop.com/item/tabla-wingfoil-armstrong-fg-80l-1304490891;[80];[];False;2026-09-27;Envío disponible;Disponible;https://cdn.wallapop.com/images/10420/lk/nr/__/c10420p1304490891/i6756211846.jpg?pictureSize=W640|https://cdn.wallapop.com/images/10420/lk/nr/__/c10420p1304490891/i6755045124.jpg?pictureSize=W640|https://cdn.wallapop.com/images/10420/lk/nr/__/c10420p1304490891/i6755045151.jpg?pictureSize=W640
Tabla Wingfoil 70 litros;300.0;Almería, 04006;"Slingshot Wing Craft V3. 
70 litros. 
4'5""x 25 1/4"" x 4""

En buen estado, sin golpes ni reparaciones. Con protectores en los cantos, para no arrañarla al montar el foil. 

Más que venderla... La estoy regalando";https://es.wallapop.com/item/tabla-wingfoil-70-litros-1305799489;[70];[];False;2026-09-25;Envío disponible;Disponible;https://cdn.wallapop.com/images/10420/ll/ft/__/c10420p1305799489/i6752452612.jpg?pictureSize=W640|https://cdn.wallapop.com/images/10420/ll/ft/__/c10420p1305799489/i6752452681.jpg?pictureSize=W640|https://cdn.wallapop.com/images/10420/ll/ft/__/c10420p1305799489/i6752452715.jpg?pictureSize=W640|https://cdn.wallapop.com/images/10420/ll/ft/__/c10420p1305799489/i6752453737.jpg?pictureSize=W640|https://cdn.wallapop.com/images/10420/ll/ft/__/c10420p1305799489/i6752453766.jpg?pictureSize=W640|https://cdn.wallapop.com/images/10420/ll/ft/__/c10420p1305799489/i6752453789.jpg?pictureSize=W640|https://cdn.wallapop.com/images/10420/ll/ft/__/c10420p1305799489/i6752453804.jpg?pictureSize=W640|https://cdn.wallapop.com/images/10420/ll/ft/__/c10420p1305799489/i6752453828.jpg?pictureSize=W640|https://cdn.wallapop.com/images/10420/ll/ft/__/c10420p1305799489/i6752457668.jpg?pictureSize=W640
Wing 5.0m Wingfoil;499.0;Lo Pagan, 30740;"Wing de wingfoil de 5.0 metros Nuevo A estrenar! 

- Color naranja y negro. Igual al de la foto pero en naranja.
- Diseño con asas integradas.";https://es.wallapop.com/item/wing-5-0m-wingfoil-1292416341;[];[5];False;2026-08-18;Envío disponible;Disponible;https://cdn.wallapop.com/images/10420/ld/gy/__/c10420p1292416341/i6683558191.jpg?pictureSize=W640|https://cdn.wallapop.com/images/10420/ld/gy/__/c10420p1292416341/i6683558268.jpg?pictureSize=W640|https://cdn.wallapop.com/images/10420/ld/gy/__/c10420p1292416341/i6683558338.jpg?pictureSize=W640|https://cdn.wallapop.com/images/10420/ld/gy/__/c10420p1292416341/i6683558405.jpg?pictureSize=W640
WINGFOIL ELEVEIGHT 2026 NUEVOS;2.0;Sant Josep de sa Talaia, 07829;"¿Quieres empezar en Wingfoil o renovar tu equipo?

Tenemos acceso a material Eleveight nuevo y de test con diferentes configuraciones según nivel, peso y tipo de navegación.

Disponible bajo consulta:

* Wings Eleveight
* WFS
* WFS PRO
* Foils completos
* Alas delanteras
* Mástiles
* Fuselajes
* Tablas de Wingfoil
* Accesorios y repuestos

Tanto si estás empezando como si buscas material de mayores prestaciones, escríbeme y te ayudo a encontrar una configuración adecuada para ti.

“consúltame antes de comprar tu equipo Eleveight porque puedo conseguirte precio especial”

Somos tienda kiteshop.";https://es.wallapop.com/item/wingfoil-eleveight-2026-nuevos-1293990327;[];[];False;2026-08-23;Envío disponible;Disponible;https://cdn.wallapop.com/images/10420/le/ep/__/c10420p1293990327/i6691800596.jpg?pictureSize=W640|https://cdn.wallapop.com/images/10420/le/ep/__/c10420p1293990327/i6691800631.jpg?pictureSize=W640|https://cdn.wallapop.com/images/10420/le/ep/__/c10420p1293990327/i6691800608.jpg?pictureSize=W640|https://cdn.wallapop.com/images/10420/le/ep/__/c10420p1293990327/i6691800626.jpg?pictureSize=W640|https://cdn.wallapop.com/images/10420/le/ep/__/c10420p1293990327/i6691800632.jpg?pictureSize=W640|https://cdn.wallapop.com/images/10420/le/ep/__/c10420p1293990327/i6691800613.jpg?pictureSize=W640|https://cdn.wallapop.com/images/10420/le/ep/__/c10420p1293990327/i6691800635.jpg?pictureSize=W640|https://cdn.wallapop.com/images/10420/le/ep/__/c10420p1293990327/i6691800619.jpg?pictureSize=W640|https://cdn.wallapop.com/images/10420/le/ep/__/c10420p1293990327/i6691800623.jpg?pictureSize=W640|https://cdn.wallapop.com/images/10420/le/ep/__/c10420p1293990327/i6691800605.jpg?pictureSize=W640
Wing GONG Droid v1 7m Wingfoil;265.0;Sevilla, 41018;Vendo ala de wingfoil Gong Druid V1 de 7 m2 ideal para viento ligero. Es muy potente y cómoda, despega rápido y soporta bien el viento fuerte gracias a su diseño compacto. Presenta una reparación y algunos poros tapados en la vela realizado por empresa de veleria. Incluye bolsa de transporte.;https://es.wallapop.com/item/wing-gong-droid-v1-7m-wingfoil-1303907582;[];[7];False;2026-09-29;Envío disponible;Disponible;https://cdn.wallapop.com/images/10420/lk/b9/__/c10420p1303907582/i6741910274.jpg?pictureSize=W640|https://cdn.wallapop.com/images/10420/lk/b9/__/c10420p1303907582/i6741910295.jpg?pictureSize=W640|https://cdn.wallapop.com/images/10420/lk/b9/__/c10420p1303907582/i6741910285.jpg?pictureSize=W640|https://cdn.wallapop.com/images/10420/lk/b9/__/c10420p1303907582/i6741910281.jpg?pictureSize=W640|https://cdn.wallapop.com/images/10420/lk/b9/__/c10420p1303907582/i6741910292.jpg?pictureSize=W640
Tabla Wingfoil para Clases;250.0;Donostia-San Sebastián, 20014;"Tabla de wingfoil, ideal para iniciarse en este deporte.

- Superficie de madera con acabado barnizado.
- 5 ruedas giratorias y eje con rodamiento axial de ∅40 mm";https://es.wallapop.com/item/tabla-wingfoil-para-clases-1304714240;[];[];False;2026-09-22;Envío disponible;Disponible;https://cdn.wallapop.com/images/10420/lk/sj/__/c10420p1304714240/i6746366243.jpg?pictureSize=W640|https://cdn.wallapop.com/images/10420/lk/sj/__/c10420p1304714240/i6746366283.jpg?pictureSize=W640|https://cdn.wallapop.com/images/10420/lk/sj/__/c10420p1304714240/i6746366336.jpg?pictureSize=W640|https://cdn.wallapop.com/images/10420/lk/sj/__/c10420p1304714240/i6746366373.jpg?pictureSize=W640|https://cdn.wallapop.com/images/10420/lk/sj/__/c10420p1304714240/i6746366419.jpg?pictureSize=W640|https://cdn.wallapop.com/images/10420/lk/sj/__/c10420p1304714240/i6746366489.jpg?pictureSize=W640
F-one Origin V2 Wingfoil 6m² Naranja;850.0;Gavà, 08850;Wingfoil F-one Origin V2 de 6 metros cuadrados en color naranja y del cual sea usado 3 veces. Incluye bolsa de transporte y accesorios vaios.;https://es.wallapop.com/item/f-one-origin-v2-wingfoil-6m-naranja-1291483589;[];[6];False;2026-09-26;Envío disponible;Disponible;https://cdn.wallapop.com/images/10420/lc/wz/__/c10420p1291483589/i6678246342.jpg?pictureSize=W640|https://cdn.wallapop.com/images/10420/lc/wz/__/c10420p1291483589/i6678246743.jpg?pictureSize=W640|https://cdn.wallapop.com/images/10420/lc/wz/__/c10420p1291483589/i6678246744.jpg?pictureSize=W640|https://cdn.wallapop.com/images/10420/lc/wz/__/c10420p1291483589/i6678246738.jpg?pictureSize=W640|https://cdn.wallapop.com/images/10420/lc/wz/__/c10420p1291483589/i6678246720.jpg?pictureSize=W640|https://cdn.wallapop.com/images/10420/lc/wz/__/c10420p1291483589/i6678246615.jpg?pictureSize=W640|https://cdn.wallapop.com/images/10420/lc/wz/__/c10420p1291483589/i6678246831.jpg?pictureSize=W640|https://cdn.wallapop.com/images/10420/lc/wz/__/c10420p1291483589/i6678246887.jpg?pictureSize=W640|https://cdn.wallapop.com/images/10420/lc/wz/__/c10420p1291483589/i6678246883.jpg?pictureSize=W640
Tabla Wingfoil North Seek 88L;640.0;Conil de la Frontera, 11140;"Tabla de wingfoil North Seek de 88 litros. Diseñada para una experiencia de navegación óptima.

- Modelo Seek.
- Capacidad de 88L.";https://es.wallapop.com/item/tabla-wingfoil-north-seek-88l-1292989608;[88];[];False;2026-09-19;Envío disponible;Disponible;https://cdn.wallapop.com/images/10420/ld/t9/__/c10420p1292989608/i6686777503.jpg?pictureSize=W640|https://cdn.wallapop.com/images/10420/ld/t9/__/c10420p1292989608/i6686777785.jpg?pictureSize=W640|https://cdn.wallapop.com/images/10420/ld/t9/__/c10420p1292989608/i6686777616.jpg?pictureSize=W640|https://cdn.wallapop.com/images/10420/ld/t9/__/c10420p1292989608/i6686777684.jpg?pictureSize=W640|https://cdn.wallapop.com/images/10420/ld/t9/__/c10420p1292989608/i6686777638.jpg?pictureSize=W640|https://cdn.wallapop.com/images/10420/ld/t9/__/c10420p1292989608/i6686777585.jpg?pictureSize=W640|https://cdn.wallapop.com/images/10420/ld/t9/__/c10420p1292989608/i6686777800.jpg?pictureSize=W640
Duotone Unit SLS 3.0 Wingfoil;725.0;Somo, 39140;"Wingfoil wing duotone unit sls 3.0
2026

Como nueva. Usada 3 dias 

---------------
 Consúltanos para más información sin compromiso. Podemos tener el producto que buscas y no estar anunciado. En nuestro perfil puedes encontrar más productos relacionados #kitesurf #wingfoil #foil #standuppaddle #sup #windsurf #surf Northwind es Dealer oficial Duotone, Fanatic, ION, Naish. contacto: 609407294 // info@northwindcompany.com 
----------------------------------";https://es.wallapop.com/item/duotone-unit-sls-3-0-wingfoil-1297079588;[];[];False;2026-09-24;Envío disponible;Disponible;https://cdn.wallapop.com/images/10420/lg/8x/__/c10420p1297079588/i6705941898.jpg?pictureSize=W640|https://cdn.wallapop.com/images/10420/lg/8x/__/c10420p1297079588/i6705941946.jpg?pictureSize=W640|https://cdn.wallapop.com/images/10420/lg/8x/__/c10420p1297079588/i6705941993.jpg?pictureSize=W640|https://cdn.wallapop.com/images/10420/lg/8x/__/c10420p1297079588/i6705942006.jpg?pictureSize=W640|https://cdn.wallapop.com/images/10420/lg/8x/__/c10420p1297079588/i6705941962.jpg?pictureSize=W640|https://cdn.wallapop.com/images/10420/lg/8x/__/c10420p1297079588/i6705941979.jpg?pictureSize=W640|https://cdn.wallapop.com/images/10420/lg/8x/__/c10420p1297079588/i6705941926.jpg?pictureSize=W640
Tabla Wingfoil F-One Rocket 60L (5.0);550.0;Málaga, 29010;"Tabla de wingfoil F-One Rocket con 60 litros de volumen 5.0) 
Diseñada para ofrecer una experiencia de navegación fluida y estable.
- Tabla con los despegues y aterrizajes más fáciles e inmediatos.
- Diseño aerodinámico. 
- Superficie antideslizante. 
- Construcción robusta.
Solo 2 meses de uso.";https://es.wallapop.com/item/tabla-wingfoil-f-one-rocket-60l-1292908797;[60];[];False;2026-08-26;Envío disponible;Disponible;https://cdn.wallapop.com/images/10420/ld/ri/__/c10420p1292908797/i6686369757.jpg?pictureSize=W640|https://cdn.wallapop.com/images/10420/ld/ri/__/c10420p1292908797/i6686369741.jpg?pictureSize=W640
Tabla wingfoil Gong 170 litros. Ideal principiante;400.0;Mataró, 08300;"Tabla Wingfoil hinchable – perfecta para aprender
Si quieres iniciarte en el wingfoil, esta tabla te lo pone mucho más fácil. Muy estable y con mucho volumen, ideal para aprender a mantener el equilibrio y ganar confianza desde las primeras sesiones, incluso sin ala.
Perfecta para principiantes y personas de 90 kg o más. Grande y estable, pero sin llegar a ser una tabla de paddle surf.
Al ser hinchable, perdona los pequeños golpes y apoyos tan habituales al aprender, evitando muchas reparaciones que tendrías con una tabla rígida.
✅ Muy cuidada
✅ Siempre lavada con agua dulce
✅ Guardada en interior
✅ Nunca plegada
✅ Un único dueño";https://es.wallapop.com/item/tabla-gong-hipe-perf-6-5-wing-padel-foil-1281113659;[170];[];False;2026-09-25;Envío disponible;Disponible;https://cdn.wallapop.com/images/10420/l6/qp/__/c10420p1281113659/i6613515087.jpg?pictureSize=W640|https://cdn.wallapop.com/images/10420/l6/qp/__/c10420p1281113659/i6613515095.jpg?pictureSize=W640|https://cdn.wallapop.com/images/10420/l6/qp/__/c10420p1281113659/i6613515100.jpg?pictureSize=W640|https://cdn.wallapop.com/images/10420/l6/qp/__/c10420p1281113659/i6613515106.jpg?pictureSize=W640|https://cdn.wallapop.com/images/10420/l6/qp/__/c10420p1281113659/i6613515113.jpg?pictureSize=W640
Vela Wingfoil Takoon V3 Ultra 5.0;300.0;Salines, 07640;"Vela de wingfoil Takoon V3 Ultra de 5.0 metros cuadrados con botavara de carbono

- Modelo: V3 Ultra
- Tamaño: 5.0
- Marca: Takoon";https://es.wallapop.com/item/vela-wingfoil-takoon-v3-ultra-5-0-1300965265;[];[5];False;2026-09-20;Envío disponible;Disponible;https://cdn.wallapop.com/images/10420/li/k7/__/c10420p1300965265/i6724950337.jpg?pictureSize=W640|https://cdn.wallapop.com/images/10420/li/k7/__/c10420p1300965265/i6724951357.jpg?pictureSize=W640|https://cdn.wallapop.com/images/10420/li/k7/__/c10420p1300965265/i6724952146.jpg?pictureSize=W640|https://cdn.wallapop.com/images/10420/li/k7/__/c10420p1300965265/i6724950410.jpg?pictureSize=W640|https://cdn.wallapop.com/images/10420/li/k7/__/c10420p1300965265/i6724950843.jpg?pictureSize=W640|https://cdn.wallapop.com/images/10420/li/k7/__/c10420p1300965265/i6724951924.jpg?pictureSize=W640|https://cdn.wallapop.com/images/10420/li/k7/__/c10420p1300965265/i6724951083.jpg?pictureSize=W640|https://cdn.wallapop.com/images/10420/li/k7/__/c10420p1300965265/i6724950635.jpg?pictureSize=W640|https://cdn.wallapop.com/images/10420/li/k7/__/c10420p1300965265/i6724951665.jpg?pictureSize=W640
Tabla Wingfoil F-Rocket 75L;295.0;Vitoria-Gasteiz, 01001;"Tabla de wingfoil F-Rocket de 75 litros.

Tabla en perfecto estado. Sin golpes ni reparaciones. Nunca se han usado footstraps. Cubrecantos original.

Muy buena construcción. Muy robusta.

Muy estable y fácil.

Se entrega zona Vitoria y alrededores o zona Málaga.";https://es.wallapop.com/item/tabla-wingfoil-f-rocket-75l-1270140782;[75];[];False;2026-09-27;Envío disponible;Disponible;https://cdn.wallapop.com/images/10420/l0/7i/__/c10420p1270140782/i6546498433.jpg?pictureSize=W640|https://cdn.wallapop.com/images/10420/l0/7i/__/c10420p1270140782/i6546498446.jpg?pictureSize=W640|https://cdn.wallapop.com/images/10420/l0/7i/__/c10420p1270140782/i6546498454.jpg?pictureSize=W640|https://cdn.wallapop.com/images/10420/l0/7i/__/c10420p1270140782/i6546498460.jpg?pictureSize=W640|https://cdn.wallapop.com/images/10420/l0/7i/__/c10420p1270140782/i6546498470.jpg?pictureSize=W640|https://cdn.wallapop.com/images/10420/l0/7i/__/c10420p1270140782/i6546498481.jpg?pictureSize=W640|https://cdn.wallapop.com/images/10420/l0/7i/__/c10420p1270140782/i6546498492.jpg?pictureSize=W640
Wing F-One Strike V2 4.5m - Wingfoil;249.0;Málaga, 29002;"F-One Strike V2 4.5m, prácticamente nueva, usada menos de 10 veces y muy cuidada. La canopy sigue crujiente, con zero señal de uso. Wing ligera, potente y muy equilibrada, rápida y reactiva, ideal para freeride, freestyle, saltos y olas.

Tamaño: 4.5 m²
La vendo por reorganización de material.

Keywords: wingfoil foil board carbono freestyle freeride prone downwind sinker KT Drifter Naish F-One Duotone Armstrong Gong Cabrinha Ensis Ozone Limit Waves Levitaz AFS Starboard JP Australia Reedin Neilpryde.";https://es.wallapop.com/item/wing-f-one-strike-v2-4-5m-wingfoil-1297306182;[];[4.5];False;2026-09-01;Envío disponible;Disponible;https://cdn.wallapop.com/images/10420/lg/dr/__/c10420p1297306182/i6707009872.jpg?pictureSize=W640|https://cdn.wallapop.com/images/10420/lg/dr/__/c10420p1297306182/i6707010120.jpg?pictureSize=W640|https://cdn.wallapop.com/images/10420/lg/dr/__/c10420p1297306182/i6707010111.jpg?pictureSize=W640|https://cdn.wallapop.com/images/10420/lg/dr/__/c10420p1297306182/i6707010113.jpg?pictureSize=W640|https://cdn.wallapop.com/images/10420/lg/dr/__/c10420p1297306182/i6707010118.jpg?pictureSize=W640|https://cdn.wallapop.com/images/10420/lg/dr/__/c10420p1297306182/i6707010071.jpg?pictureSize=W640
Tabla Wingfoil DUOTONE Sky Style SLS 75L;590.0;Barcelona, 08007;"Tabla de wingfoil DUOTONE Sky Style SLS con 75 litros de volumen. Diseño moderno con colores vibrantes.

Tabla de wingfoil Duotone Sky Style 4'11"" // 75 litros en buenas condiciones.

- tabla como nueva sin reparaciones ni roces.
- Mucha estabilidad en 75 L y compacta.
- Despegue rapido sus cantos visel por ados hacen que si se te baja el foil , rebota sola y vuelves a volar. 
- Construcción SLS (Strong Light Superior).
- Superficie antideslizante.
- Sistema de footstraps.
- viene con funda acolchada de alta calidad ION.
- precio final no negociable .";https://es.wallapop.com/item/tabla-wingfoil-duotone-sky-style-sls-75l-1298270366;[75];[];False;2026-09-04;Envío disponible;Disponible;https://cdn.wallapop.com/images/10420/lg/yf/__/c10420p1298270366/i6711865513.jpg?pictureSize=W640|https://cdn.wallapop.com/images/10420/lg/yf/__/c10420p1298270366/i6711865532.jpg?pictureSize=W640|https://cdn.wallapop.com/images/10420/lg/yf/__/c10420p1298270366/i6711865529.jpg?pictureSize=W640|https://cdn.wallapop.com/images/10420/lg/yf/__/c10420p1298270366/i6711865530.jpg?pictureSize=W640|https://cdn.wallapop.com/images/10420/lg/yf/__/c10420p1298270366/i6711865531.jpg?pictureSize=W640|https://cdn.wallapop.com/images/10420/lg/yf/__/c10420p1298270366/i6711865533.jpg?pictureSize=W640|https://cdn.wallapop.com/images/10420/lg/yf/__/c10420p1298270366/i6711865545.jpg?pictureSize=W640|https://cdn.wallapop.com/images/10420/lg/yf/__/c10420p1298270366/i6711865540.jpg?pictureSize=W640|https://cdn.wallapop.com/images/10420/lg/yf/__/c10420p1298270366/i6711865549.jpg?pictureSize=W640|https://cdn.wallapop.com/images/10420/lg/yf/__/c10420p1298270366/i6711865554.jpg?pictureSize=W640
Funda Dakine Wingfoil Travel;160.0;Roquetas de Mar, 04740;"Funda de viaje Dakine para wingfoil.

- Color negro.
- Diseño resistente para proteger tu equipo.
- Ruedas para facilitar el transporte.";https://es.wallapop.com/item/funda-dakine-wingfoil-travel-1301015573;[];[];False;2026-09-12;Envío disponible;Disponible;https://cdn.wallapop.com/images/10420/li/la/__/c10420p1301015573/i6725154046.jpg?pictureSize=W640|https://cdn.wallapop.com/images/10420/li/la/__/c10420p1301015573/i6725154057.jpg?pictureSize=W640|https://cdn.wallapop.com/images/10420/li/la/__/c10420p1301015573/i6725154073.jpg?pictureSize=W640|https://cdn.wallapop.com/images/10420/li/la/__/c10420p1301015573/i6725154065.jpg?pictureSize=W640|https://cdn.wallapop.com/images/10420/li/la/__/c10420p1301015573/i6725509751.jpg?pictureSize=W640
Pack Wingfoil Gong HIPE Perf;925.0;Santa Coloma, AD500;"Pack de wingfoil inflable GONG HIPE Perf, ideal para evolucionar y disfrutar.

- Tabla inflable.
- Wing.
- Foil.
- Bomba.
- Bolsa de transporte.";https://es.wallapop.com/item/pack-wingfoil-gong-hipe-perf-1300360267;[];[];False;2026-09-23;Envío disponible;Disponible;https://cdn.wallapop.com/images/10420/li/78/__/c10420p1300360267/i6748695766.jpg?pictureSize=W640|https://cdn.wallapop.com/images/10420/li/78/__/c10420p1300360267/i6748695761.jpg?pictureSize=W640|https://cdn.wallapop.com/images/10420/li/78/__/c10420p1300360267/i6748695782.jpg?pictureSize=W640|https://cdn.wallapop.com/images/10420/li/78/__/c10420p1300360267/i6748695775.jpg?pictureSize=W640|https://cdn.wallapop.com/images/10420/li/78/__/c10420p1300360267/i6748695740.jpg?pictureSize=W640|https://cdn.wallapop.com/images/10420/li/78/__/c10420p1300360267/i6748695754.jpg?pictureSize=W640|https://cdn.wallapop.com/images/10420/li/78/__/c10420p1300360267/i6748695750.jpg?pictureSize=W640|https://cdn.wallapop.com/images/10420/li/78/__/c10420p1300360267/i6748695771.jpg?pictureSize=W640|https://cdn.wallapop.com/images/10420/li/78/__/c10420p1300360267/i6748695746.jpg?pictureSize=W640
T-shirt wingfoil;14.99;Esposende, 4740-207;"T-shirt de wingfoil.

- Estampa com cores vibrantes e design minimalista.
- Tecido confortável para o dia a dia.
-vários tamanhos e cores 
#wingfoil #customtshirt #babaluartstudio";https://es.wallapop.com/item/t-shirt-wingfoil-1300253021;[];[];False;2026-09-10;Envío disponible;Disponible;https://cdn.wallapop.com/images/10420/li/4x/__/c10420p1300253021/i6721733660.jpg?pictureSize=W640|https://cdn.wallapop.com/images/10420/li/4x/__/c10420p1300253021/i6721733685.jpg?pictureSize=W640|https://cdn.wallapop.com/images/10420/li/4x/__/c10420p1300253021/i6721733696.jpg?pictureSize=W640|https://cdn.wallapop.com/images/10420/li/4x/__/c10420p1300253021/i6721733699.jpg?pictureSize=W640|https://cdn.wallapop.com/images/10420/li/4x/__/c10420p1300253021/i6721733675.jpg?pictureSize=W640
Foil Wingfoil RRD Mantaray 1350;750.0;Barcelona, 08011;"Foil de wingfoil RRD. Ala delantera Mantaray Full carbon 1350. Estabilizador Blaze Full Carbon 215.
Mástil de aluminio 85cm.
Fuselaje aluminio 76cm.";https://es.wallapop.com/item/foil-wingfoil-rrd-mantaray-1350-1292304206;[];[];False;2026-08-18;Envío disponible;Disponible;https://cdn.wallapop.com/images/10420/ld/ek/__/c10420p1292304206/i6683008575.jpg?pictureSize=W640|https://cdn.wallapop.com/images/10420/ld/ek/__/c10420p1292304206/i6683008613.jpg?pictureSize=W640|https://cdn.wallapop.com/images/10420/ld/ek/__/c10420p1292304206/i6683008595.jpg?pictureSize=W640|https://cdn.wallapop.com/images/10420/ld/ek/__/c10420p1292304206/i6683008619.jpg?pictureSize=W640|https://cdn.wallapop.com/images/10420/ld/ek/__/c10420p1292304206/i6683008605.jpg?pictureSize=W640|https://cdn.wallapop.com/images/10420/ld/ek/__/c10420p1292304206/i6683008587.jpg?pictureSize=W640
Ala Wingfoil Duotone Unit 5.5;650.0;Playa Lisa, 03130;"PRECIO NO NEGOCIABLE WingDuotone Unit 5.5 del 2026
El ala está nuevo tiene menos de 10 baños 
Se vende con la botavara.";https://es.wallapop.com/item/ala-wingfoil-duotone-unit-5-5-1294215468;[];[];False;2026-09-29;Envío disponible;Disponible;https://cdn.wallapop.com/images/10420/le/jj/__/c10420p1294215468/i6692839647.jpg?pictureSize=W640|https://cdn.wallapop.com/images/10420/le/jj/__/c10420p1294215468/i6692839672.jpg?pictureSize=W640|https://cdn.wallapop.com/images/10420/le/jj/__/c10420p1294215468/i6692839701.jpg?pictureSize=W640|https://cdn.wallapop.com/images/10420/le/jj/__/c10420p1294215468/i6692839724.jpg?pictureSize=W640|https://cdn.wallapop.com/images/10420/le/jj/__/c10420p1294215468/i6692839745.jpg?pictureSize=W640|https://cdn.wallapop.com/images/10420/le/jj/__/c10420p1294215468/i6692839768.jpg?pictureSize=W640|https://cdn.wallapop.com/images/10420/le/jj/__/c10420p1294215468/i6692839784.jpg?pictureSize=W640
Tabla Wingfoil Hinchable Duotone Skybrid Air;699.0;Valencia, 46011;"Tabla hinchable Duotone Skybrid Air para wingfoil. Diseñada para ofrecer una experiencia de navegación versátil.

- Color verde menta y gris.
- Superficie antideslizante.
- Logo de Duotone en azul.";https://es.wallapop.com/item/tabla-wingfoil-hinchable-duotone-skybrid-air-1288736916;[];[];False;2026-08-06;Envío disponible;Disponible;https://cdn.wallapop.com/images/10420/lb/a3/__/c10420p1288736916/i6662232731.jpg?pictureSize=W640|https://cdn.wallapop.com/images/10420/lb/a3/__/c10420p1288736916/i6662232764.jpg?pictureSize=W640|https://cdn.wallapop.com/images/10420/lb/a3/__/c10420p1288736916/i6662232761.jpg?pictureSize=W640|https://cdn.wallapop.com/images/10420/lb/a3/__/c10420p1288736916/i6662232751.jpg?pictureSize=W640|https://cdn.wallapop.com/images/10420/lb/a3/__/c10420p1288736916/i6662232762.jpg?pictureSize=W640|https://cdn.wallapop.com/images/10420/lb/a3/__/c10420p1288736916/i6662232763.jpg?pictureSize=W640
Wingfoil Vayu 4m;450.0;Mataró, 08300;"Wingfoil Vayu de 4 metros. 

- Diseño en color blanco y negro.
- Marca Vayu.
-Asas rigidas carbono.
-Incluyo asas textiles nuevas.
-Incluyo mochila transporte.
-Incluyo leash.";https://es.wallapop.com/item/wingfoil-vayu-4m-1294890081;[];[4];False;2026-08-26;Envío disponible;Disponible;https://cdn.wallapop.com/images/10420/le/xz/__/c10420p1294890081/i6695944329.jpg?pictureSize=W640|https://cdn.wallapop.com/images/10420/le/xz/__/c10420p1294890081/i6695944339.jpg?pictureSize=W640|https://cdn.wallapop.com/images/10420/le/xz/__/c10420p1294890081/i6695944346.jpg?pictureSize=W640|https://cdn.wallapop.com/images/10420/le/xz/__/c10420p1294890081/i6695944360.jpg?pictureSize=W640|https://cdn.wallapop.com/images/10420/le/xz/__/c10420p1294890081/i6695944369.jpg?pictureSize=W640|https://cdn.wallapop.com/images/10420/le/xz/__/c10420p1294890081/i6695944391.jpg?pictureSize=W640
Tabla Wingfoil Takoon Glide 5'0 65L;390.0;Chiclana de la Frontera, 11130;"Tabla de wingfoil Takoon Glide 5'0 - 65L
En buenas condiciones. Algunas rayas de uso normal.
Rail savers RSPro en los cantos y la proa de la tabla.
Fabricada en Portugal. Construccion carbono en infusión muy rigida con espuma de alta densidad que no absorbe agua.
Se puede vender con funda.
Visible en Chiclana, Cadiz y Tarifa.
Envio posible en todo España.

#Takoon #Glide #Wingfoil #Parawing #Foil #F-One, North, KT, Kalama, Duotone, SBT, NSP, Axis, Sunova, Naish, Armstrong, AFS, Gong, SIC, Ensis, Neyra";https://es.wallapop.com/item/tabla-wingfoil-takoon-glide-5-0-65l-1301744489;[65];[];False;2026-09-14;Envío disponible;Disponible;https://cdn.wallapop.com/images/10420/lj/0w/__/c10420p1301744489/i6728281000.jpg?pictureSize=W640|https://cdn.wallapop.com/images/10420/lj/0w/__/c10420p1301744489/i6728281035.jpg?pictureSize=W640|https://cdn.wallapop.com/images/10420/lj/0w/__/c10420p1301744489/i6728281049.jpg?pictureSize=W640|https://cdn.wallapop.com/images/10420/lj/0w/__/c10420p1301744489/i6728281041.jpg?pictureSize=W640|https://cdn.wallapop.com/images/10420/lj/0w/__/c10420p1301744489/i6728281037.jpg?pictureSize=W640|https://cdn.wallapop.com/images/10420/lj/0w/__/c10420p1301744489/i6728281047.jpg?pictureSize=W640|https://cdn.wallapop.com/images/10420/lj/0w/__/c10420p1301744489/i6728281061.jpg?pictureSize=W640|https://cdn.wallapop.com/images/10420/lj/0w/__/c10420p1301744489/i6728281050.jpg?pictureSize=W640
Tabla de Wingfoil Duotone sls 45 L;450.0;Badalona, 08910;"En buen estado. Footstraps tricktionary con muy poco uso. Los dos toques que tiene fueron fuera del agua y bien reparados antes de volver a usarla. 
 
Con footstraps 450 €
Sin footstraps 350 €";https://es.wallapop.com/item/tabla-de-wingfoil-duotone-sls-45-l-1305599248;[45];[];False;2026-09-25;Envío disponible;Disponible;https://cdn.wallapop.com/images/10420/ll/bi/__/c10420p1305599248/i6751340309.jpg?pictureSize=W640|https://cdn.wallapop.com/images/10420/ll/bi/__/c10420p1305599248/i6751340395.jpg?pictureSize=W640|https://cdn.wallapop.com/images/10420/ll/bi/__/c10420p1305599248/i6751340339.jpg?pictureSize=W640|https://cdn.wallapop.com/images/10420/ll/bi/__/c10420p1305599248/i6751340336.jpg?pictureSize=W640|https://cdn.wallapop.com/images/10420/ll/bi/__/c10420p1305599248/i6751340447.jpg?pictureSize=W640|https://cdn.wallapop.com/images/10420/ll/bi/__/c10420p1305599248/i6751340417.jpg?pictureSize=W640
Duotone Unit SLS 3.5 Wingfoil 2026;750.0;Tarifa, 11380;"Wingfoil Duotone Unit SLS de 3.5 metros cuadrados. Sin barra , barra 60 euros .Diseñado para un rendimiento óptimo.

- Modelo: Unit SLS
- Tamaño: 3.5 m²
- Marca: Duotone
- Construcción: SLS";https://es.wallapop.com/item/duotone-unit-sls-3-5-wingfoil-1302402263;[];[3.5];False;2026-09-25;Envío disponible;Disponible;https://cdn.wallapop.com/images/10420/lj/f0/__/c10420p1302402263/i6731498258.jpg?pictureSize=W640|https://cdn.wallapop.com/images/10420/lj/f0/__/c10420p1302402263/i6731498270.jpg?pictureSize=W640|https://cdn.wallapop.com/images/10420/lj/f0/__/c10420p1302402263/i6731498275.jpg?pictureSize=W640|https://cdn.wallapop.com/images/10420/lj/f0/__/c10420p1302402263/i6731498283.jpg?pictureSize=W640
Tabla wingfoil Hipe Cruzader Gong 6.6 112litros.;400.0;Coma-Ruga, 43880;Tabla wingfoil hinchable 6.6 112litros.Está nueva, la he usado tres veces y menos de una hora. Diseño ideal para despegar en wing muy fácil al ser estrecha pero larga, tambien para supfoil con remo. Me la vendo porqué donde vivo sopla mucho y nunca la uso. Plegada ocupa nada. Se entrega sin footstraps. Comprada en febrero 2026 pesa solo 5.6kg. No negociable gracias;https://es.wallapop.com/item/tabla-wingfoil-hype-cruzader-gong-1306058208;[112];[];False;2026-09-26;Envío disponible;Disponible;https://cdn.wallapop.com/images/10420/ll/lc/__/c10420p1306058208/i6753834563.jpg?pictureSize=W640|https://cdn.wallapop.com/images/10420/ll/lc/__/c10420p1306058208/i6753834583.jpg?pictureSize=W640|https://cdn.wallapop.com/images/10420/ll/lc/__/c10420p1306058208/i6753813626.jpg?pictureSize=W640|https://cdn.wallapop.com/images/10420/ll/lc/__/c10420p1306058208/i6753830907.jpg?pictureSize=W640|https://cdn.wallapop.com/images/10420/ll/lc/__/c10420p1306058208/i6753813640.jpg?pictureSize=W640|https://cdn.wallapop.com/images/10420/ll/lc/__/c10420p1306058208/i6753839774.jpg?pictureSize=W640
Equipo completo wingfoil;1000.0;Es Pont d'inca/El Pont d'inca, 07141;"Se vende equipo completo de wingfoil.

- Ala TALAIA BLADE 2024 5m
- Tabla TALAIA 5'1 Notos Air 130L
- Foil TALAIA 1700cm².
- Bomba de hinchado.
- Material triple ripstop.
- Costuras reforzadas.";https://es.wallapop.com/item/equipo-completo-wingfoil-1303306453;[130];[5];False;2026-09-18;Envío disponible;Disponible;https://cdn.wallapop.com/images/10420/lj/yd/__/c10420p1303306453/i6738574502.jpg?pictureSize=W640
Duotone Unit 3.3m Wingfoil SEMINUEVA;160.0;Cómpeta, 29754;"Ala Duotone Unit de 3.3 metros para wingfoil.

- Diseño en azul marino y gris.
- Ventanas transparentes para visibilidad.
- Marca Duotone visible en la tela.
-usada poco muy buen al para niños o viento fuerte";https://es.wallapop.com/item/duotone-unit-3-3m-wingfoil-ala-1294573656;[];[3.3];False;2026-09-08;Envío disponible;Disponible;https://cdn.wallapop.com/images/10420/le/r7/__/c10420p1294573656/i6694484643.jpg?pictureSize=W640|https://cdn.wallapop.com/images/10420/le/r7/__/c10420p1294573656/i6694484720.jpg?pictureSize=W640|https://cdn.wallapop.com/images/10420/le/r7/__/c10420p1294573656/i6694484761.jpg?pictureSize=W640|https://cdn.wallapop.com/images/10420/le/r7/__/c10420p1294573656/i6694484738.jpg?pictureSize=W640|https://cdn.wallapop.com/images/10420/le/r7/__/c10420p1294573656/i6694484689.jpg?pictureSize=W640|https://cdn.wallapop.com/images/10420/le/r7/__/c10420p1294573656/i6694484703.jpg?pictureSize=W640
Gancho Dakine Wingfoil Hanger Wing Hook;15.0;Vic, 08500;Gancho Dakine para wingfoil, modelo Hanger Wing Hook.;https://es.wallapop.com/item/gancho-dakine-wingfoil-hanger-wing-hook-1281706808;[];[];False;2026-09-13;Envío disponible;Disponible;https://cdn.wallapop.com/images/10420/l7/3f/__/c10420p1281706808/i6616821806.jpg?pictureSize=W640
Vela WingFoil Swing 4.5 F-one;575.0;Can Pastilla, 07610;"Vela de wingfoil F-one modelo Swing de 4.5 m

- Tamaño: 4.5 SQM
- Marca: F-one
- Modelo: Swing";https://es.wallapop.com/item/vela-wingfoil-swing-4-5-f-one-1306698549;[];[4.5];False;2026-09-28;Envío disponible;Disponible;https://cdn.wallapop.com/images/10420/ll/z3/__/c10420p1306698549/i6756927320.jpg?pictureSize=W640|https://cdn.wallapop.com/images/10420/ll/z3/__/c10420p1306698549/i6756927336.jpg?pictureSize=W640|https://cdn.wallapop.com/images/10420/ll/z3/__/c10420p1306698549/i6756927335.jpg?pictureSize=W640|https://cdn.wallapop.com/images/10420/ll/z3/__/c10420p1306698549/i6756927337.jpg?pictureSize=W640|https://cdn.wallapop.com/images/10420/ll/z3/__/c10420p1306698549/i6756927332.jpg?pictureSize=W640
Vela Wingfoil Takuma 5.2;180.0;Barcelona, 08036;"Vela de wingfoil Takuma de 5.2m. 
En buen estado, tuvo una reparación en blader.";https://es.wallapop.com/item/vela-wingfoil-takuma-5-2-azul-gris-1278838149;[];[5.2];False;2026-09-03;Envío disponible;Disponible;https://cdn.wallapop.com/images/10420/l5/dx/__/c10420p1278838149/i6599799120.jpg?pictureSize=W640|https://cdn.wallapop.com/images/10420/l5/dx/__/c10420p1278838149/i6599799125.jpg?pictureSize=W640
Gawing Duotone CROSS 4.2 Wingfoil;399.0;Tarifa, 11380;"Wingfoil Gawing Duotone CROSS 4.2, ideal para iniciación.

- Diseño en naranja y gris.
- Ventanas transparentes.
- Medida 4.2.";https://es.wallapop.com/item/gawing-duotone-cross-4-2-wingfoil-1293674436;[];[];False;2026-08-22;Envío disponible;Disponible;https://cdn.wallapop.com/images/10420/le/7x/__/c10420p1293674436/i6690440127.jpg?pictureSize=W640|https://cdn.wallapop.com/images/10420/le/7x/__/c10420p1293674436/i6690440186.jpg?pictureSize=W640|https://cdn.wallapop.com/images/10420/le/7x/__/c10420p1293674436/i6690440246.jpg?pictureSize=W640|https://cdn.wallapop.com/images/10420/le/7x/__/c10420p1293674436/i6690440311.jpg?pictureSize=W640|https://cdn.wallapop.com/images/10420/le/7x/__/c10420p1293674436/i6690440353.jpg?pictureSize=W640|https://cdn.wallapop.com/images/10420/le/7x/__/c10420p1293674436/i6690440425.jpg?pictureSize=W640|https://cdn.wallapop.com/images/10420/le/7x/__/c10420p1293674436/i6690440491.jpg?pictureSize=W640|https://cdn.wallapop.com/images/10420/le/7x/__/c10420p1293674436/i6690440533.jpg?pictureSize=W640|https://cdn.wallapop.com/images/10420/le/7x/__/c10420p1293674436/i6690440597.jpg?pictureSize=W640|https://cdn.wallapop.com/images/10420/le/7x/__/c10420p1293674436/i6690440635.jpg?pictureSize=W640
Wingfoil Duotone 6,5 Dlab;1350.0;Vilanova i la Geltrú, 08800;"Wingfoil Duotone de 6,5 metros, modelo Dlab.
 Wing Unit Duotone D/LAB 2026: máximo rendimiento, ligereza y durabilidad para tu sesión de wingfoil. ¡

- Color azul y amarillo.
- Incluye leash.";https://es.wallapop.com/item/wingfoil-duotone-6-5-dlab-1270914444;[];[6.5];False;2026-08-20;Envío disponible;Disponible;https://cdn.wallapop.com/images/10420/l0/o3/__/c10420p1270914444/i6551401809.jpg?pictureSize=W640|https://cdn.wallapop.com/images/10420/l0/o3/__/c10420p1270914444/i6551401884.jpg?pictureSize=W640|https://cdn.wallapop.com/images/10420/l0/o3/__/c10420p1270914444/i6551401874.jpg?pictureSize=W640|https://cdn.wallapop.com/images/10420/l0/o3/__/c10420p1270914444/i6551401830.jpg?pictureSize=W640|https://cdn.wallapop.com/images/10420/l0/o3/__/c10420p1270914444/i6551401838.jpg?pictureSize=W640|https://cdn.wallapop.com/images/10420/l0/o3/__/c10420p1270914444/i6551401859.jpg?pictureSize=W640|https://cdn.wallapop.com/images/10420/l0/o3/__/c10420p1270914444/i6551401843.jpg?pictureSize=W640
Ala wingfoil Armstrong XPS MKII 3.5m  .NUEVO;705.0;Alzira, 46600;"LA 3.5 AUN ESTA MUCHO MUCHO MAS NUEVA Ala wingfoil Armstrong XPS MKII 2025  de 3.5m   Diseñada para wingfoil.( No hagáis caso de la foto .la 3.5 es la misma pero más más nueva ( CASI A ESTRENAR MISMO MODELO LA 4 ESTA VENDIDA YA .CON ASAS A ESTRENAR SE ENTREGA 

- Modelo: XPS MKII
- Tamaño: 3.5  MTS
- Marca: Armstrong";https://es.wallapop.com/item/ala-wingfoil-armstrong-xps-mkii-4-0-10-10-1281793340;[];[3.5];False;2026-09-27;Envío disponible;Disponible;https://cdn.wallapop.com/images/10420/l7/5a/__/c10420p1281793340/i6617275247.jpg?pictureSize=W640|https://cdn.wallapop.com/images/10420/l7/5a/__/c10420p1281793340/i6617275447.jpg?pictureSize=W640|https://cdn.wallapop.com/images/10420/l7/5a/__/c10420p1281793340/i6617275672.jpg?pictureSize=W640|https://cdn.wallapop.com/images/10420/l7/5a/__/c10420p1281793340/i6617275727.jpg?pictureSize=W640|https://cdn.wallapop.com/images/10420/l7/5a/__/c10420p1281793340/i6617275807.jpg?pictureSize=W640|https://cdn.wallapop.com/images/10420/l7/5a/__/c10420p1281793340/i6703398080.jpg?pictureSize=W640|https://cdn.wallapop.com/images/10420/l7/5a/__/c10420p1281793340/i6617275906.jpg?pictureSize=W640|https://cdn.wallapop.com/images/10420/l7/5a/__/c10420p1281793340/i6703398137.jpg?pictureSize=W640|https://cdn.wallapop.com/images/10420/l7/5a/__/c10420p1281793340/i6617275982.jpg?pictureSize=W640|https://cdn.wallapop.com/images/10420/l7/5a/__/c10420p1281793340/i6703398173.jpg?pictureSize=W640
Tabla AK WingFoil 74L;350.0;Guadalajara, 19005;"Tabla AK WingFoil de 74 litros.

- Modelo COMPACT.
- Medidas: 4'8 x 24 x 3.8.
Las dos reparaciones están hechas por un profesional. 

Posibilidad de hacer PACK con 2 tablas AK (74l y 105l), AK foil de carbono (1600) y 3 wings Starboard (4m/5m/6m)  para mas informacion contacta conmigo. 
Mas fotos en mi perfil.";https://es.wallapop.com/item/tabla-ak-wingfoil-74l-1302059437;[74, 105];[4, 5, 6];False;2026-09-15;Envío disponible;Disponible;https://cdn.wallapop.com/images/10420/lj/7n/__/c10420p1302059437/i6729793709.jpg?pictureSize=W640
Cometa Wingfoil Orao 4m, poco uso;200.0;Barcelona, 08019;"Cometa de wingfoil 4m de la marca Orao.
La compré para mi pareja y apenas tiene uso. A mí se me queda muy pequeña.

- Precio original 350€
- Tamaño de 4 metros. La foto la he cogido de decathlon, el tamaño real es de 4m.  Podemos quedar en persona si quieres inflarla para comprobar que no tiene fugas.
- Acabado en tono azul oscuro";https://es.wallapop.com/item/cometa-wingfoil-orao-4m-poco-uso-1306681263;[];[4];False;2026-09-28;Envío disponible;Disponible;https://cdn.wallapop.com/images/10420/ll/yp/__/c10420p1306681263/i6756833801.jpg?pictureSize=W640
Ala Wingfoil Duotone Glide 2.0 750;390.0;Vilanova i la Geltrú, 08800;"Ala de wingfoil Duotone Glide 2.0 en medida 750
Muy poco uso, está nueva sin ningún arañazo ni marca
Posibilidad de vender con estabilizador PX160 en el mismo estado

- Modelo: Glide 2.0
- Tamaño: 750
- Marca: Duotone
- Color: Negro con detalles azules
- Material: Carbono";https://es.wallapop.com/item/ala-wingfoil-duotone-glide-2-0-750-1288009574;[];[];False;2026-08-31;Envío disponible;Disponible;https://cdn.wallapop.com/images/10420/la/ui/__/c10420p1288009574/i6656878903.jpg?pictureSize=W640|https://cdn.wallapop.com/images/10420/la/ui/__/c10420p1288009574/i6656878985.jpg?pictureSize=W640|https://cdn.wallapop.com/images/10420/la/ui/__/c10420p1288009574/i6656879129.jpg?pictureSize=W640|https://cdn.wallapop.com/images/10420/la/ui/__/c10420p1288009574/i6656956817.jpg?pictureSize=W640|https://cdn.wallapop.com/images/10420/la/ui/__/c10420p1288009574/i6656956867.jpg?pictureSize=W640|https://cdn.wallapop.com/images/10420/la/ui/__/c10420p1288009574/i6656956926.jpg?pictureSize=W640|https://cdn.wallapop.com/images/10420/la/ui/__/c10420p1288009574/i6656956972.jpg?pictureSize=W640
Leash Wingfoil/Surf Creatures Negro;25.0;Cala Flores, 30370;"Leash de surf o wingfoil de la marca Creatures. Es de color negro y tiene un diseño en espiral.

- Correa de tobillo ajustable.
- Cierre de velcro.
- Cable en espiral.";https://es.wallapop.com/item/leash-wingfoil-surf-creatures-negro-1280894238;[];[];False;2026-09-27;Envío disponible;Disponible;https://cdn.wallapop.com/images/10420/l6/m0/__/c10420p1280894238/i6612422561.jpg?pictureSize=W640|https://cdn.wallapop.com/images/10420/l6/m0/__/c10420p1280894238/i6612422762.jpg?pictureSize=W640
Tabla Foil Downwind SUP Wingfoil;525.0;Marbella, 29604;"Tabla downwind 7'10 x 19 3/4. 120 litros. Tabla custom Fabricada por el Shaper Dani Vallejo (Flycat custom boards)
100% carbono, Muy ligera y estable, inspirada en la axis Mako.  Grip Dakine de camuflaje.

Perfecta para Downwind, SUP foil, parawing, flat water...
O para volar con 7 nudos en wingfoil lightwind...
Leash no incluido.
Se estudia hacer envios

Lighwind Armstrong Axis Cabrinha Naish Duotone F-One Ozone Airush AK Fanatic KT Foiling Unifoil Gaastra Takuma Starboard Gong Freewing Ensis NeilPryde Reedin North Freeride Downwind Wing remo midlength AHD fuselage estabilizador ala pumping pump foil dock start lightning bolt foil.";https://es.wallapop.com/item/tabla-foil-downwind-sup-wingfoil-1307006121;[120];[];False;2026-09-29;Envío disponible;Disponible;https://cdn.wallapop.com/images/10420/lm/5o/__/c10420p1307006121/i6758607530.jpg?pictureSize=W640|https://cdn.wallapop.com/images/10420/lm/5o/__/c10420p1307006121/i6758607539.jpg?pictureSize=W640|https://cdn.wallapop.com/images/10420/lm/5o/__/c10420p1307006121/i6758607541.jpg?pictureSize=W640|https://cdn.wallapop.com/images/10420/lm/5o/__/c10420p1307006121/i6758607543.jpg?pictureSize=W640|https://cdn.wallapop.com/images/10420/lm/5o/__/c10420p1307006121/i6758607546.jpg?pictureSize=W640|https://cdn.wallapop.com/images/10420/lm/5o/__/c10420p1307006121/i6758607549.jpg?pictureSize=W640|https://cdn.wallapop.com/images/10420/lm/5o/__/c10420p1307006121/i6758607553.jpg?pictureSize=W640|https://cdn.wallapop.com/images/10420/lm/5o/__/c10420p1307006121/i6758607554.jpg?pictureSize=W640
Tabla Wingfoil Limit Waves 78L full carbon;250.0;Casas de Porro, 11380;"Tabla de wingfoil Limit Waves de 78 litros full carbon, adecuada para iniciación e intermedios.

- Diseño rojo con detalles negros.
- Superficie antideslizante.
- Incluye straps.";https://es.wallapop.com/item/tabla-wingfoil-limit-waves-78l-1295362478;[78];[];False;2026-08-27;Envío disponible;Disponible;https://cdn.wallapop.com/images/10420/lf/84/__/c10420p1295362478/i6698105217.jpg?pictureSize=W640|https://cdn.wallapop.com/images/10420/lf/84/__/c10420p1295362478/i6698106309.jpg?pictureSize=W640|https://cdn.wallapop.com/images/10420/lf/84/__/c10420p1295362478/i6698105937.jpg?pictureSize=W640|https://cdn.wallapop.com/images/10420/lf/84/__/c10420p1295362478/i6698106369.jpg?pictureSize=W640
Tabla Wingfoil Inflable Itiwit 135L;220.0;Barcelona, 08019;"Tabla de wingfoil inflable de la marca Itiwit con 135 litros de capacidad.
La habré usado 10-15 sesiones.
Ideal para iniciarse con un foil grande por su flotabilidad y estabilidad, aprender a desplazarse, ir upwind y hacer tus primeros vuelos.

- Incluye mochila de transporte, leash y accesorios originales 
- Sin reparaciones
- Acabado en color blanco con detalles en rojo.";https://es.wallapop.com/item/tabla-wingfoil-inflable-itiwit-135l-1306676755;[135];[];False;2026-09-28;Envío disponible;Disponible;https://cdn.wallapop.com/images/10420/ll/ym/__/c10420p1306676755/i6756806622.jpg?pictureSize=W640|https://cdn.wallapop.com/images/10420/ll/ym/__/c10420p1306676755/i6756806643.jpg?pictureSize=W640|https://cdn.wallapop.com/images/10420/ll/ym/__/c10420p1306676755/i6756806669.jpg?pictureSize=W640
Wingfoil Duotone Unit 5 metros;250.0;Barcelona, 08007;"Wingfoil Duotone Unit con un diseño estilizado y colores vibrantes.

- Ventanas transparentes integradas en la vela.
- Asas rígidas para un mejor control.
- Estructura inflable con válvula de inflado central.";https://es.wallapop.com/item/wingfoil-duotone-unit-5-metros-1305949602;[];[5];False;2026-09-26;Envío disponible;Disponible;https://cdn.wallapop.com/images/10420/ll/j1/__/c10420p1305949602/i6753328968.jpg?pictureSize=W640|https://cdn.wallapop.com/images/10420/ll/j1/__/c10420p1305949602/i6753329005.jpg?pictureSize=W640|https://cdn.wallapop.com/images/10420/ll/j1/__/c10420p1305949602/i6753328999.jpg?pictureSize=W640|https://cdn.wallapop.com/images/10420/ll/j1/__/c10420p1305949602/i6753328986.jpg?pictureSize=W640
Tabla Wingfoil Onada 60L;220.0;Barcelona, 08012;"Tabla de wingfoil Onada de 60 litros. Diseñada para ofrecer una experiencia de navegación fluida y estable.

- Color gris.
- Incluye asas de sujeción.
- Correa de seguridad amarilla.";https://es.wallapop.com/item/tabla-wingfoil-onada-60l-1304047292;[60];[];False;2026-09-20;Envío disponible;Disponible;https://cdn.wallapop.com/images/10420/lk/e9/__/c10420p1304047292/i6742490615.jpg?pictureSize=W640|https://cdn.wallapop.com/images/10420/lk/e9/__/c10420p1304047292/i6742490629.jpg?pictureSize=W640|https://cdn.wallapop.com/images/10420/lk/e9/__/c10420p1304047292/i6742490626.jpg?pictureSize=W640|https://cdn.wallapop.com/images/10420/lk/e9/__/c10420p1304047292/i6742490620.jpg?pictureSize=W640|https://cdn.wallapop.com/images/10420/lk/e9/__/c10420p1304047292/i6742490636.jpg?pictureSize=W640|https://cdn.wallapop.com/images/10420/lk/e9/__/c10420p1304047292/i6742490642.jpg?pictureSize=W640
Tabla Wingfoil Duotone Sky Style;600.0;Berben, 11500;"Tabla de wingfoil Duotone modelo Sky Style, con un diseño estilizado y acabado en tonos turquesa y negro.

- Pad antideslizante en la zona de apoyo.
- Footstraps Duotone instalados.
- en perfecto estado no tiene reapariciones esta nueva";https://es.wallapop.com/item/tabla-wingfoil-duotone-sky-style-1306873729;[];[];False;2026-09-28;Envío disponible;Disponible;https://cdn.wallapop.com/images/10420/lm/2u/__/c10420p1306873729/i6757862613.jpg?pictureSize=W640|https://cdn.wallapop.com/images/10420/lm/2u/__/c10420p1306873729/i6757862646.jpg?pictureSize=W640|https://cdn.wallapop.com/images/10420/lm/2u/__/c10420p1306873729/i6757862628.jpg?pictureSize=W640|https://cdn.wallapop.com/images/10420/lm/2u/__/c10420p1306873729/i6757862618.jpg?pictureSize=W640|https://cdn.wallapop.com/images/10420/lm/2u/__/c10420p1306873729/i6757862635.jpg?pictureSize=W640|https://cdn.wallapop.com/images/10420/lm/2u/__/c10420p1306873729/i6757862652.jpg?pictureSize=W640|https://cdn.wallapop.com/images/10420/lm/2u/__/c10420p1306873729/i6757862640.jpg?pictureSize=W640
Wing RRD Aluula 5.5m wingfoil;390.0;La Venteta, 03110;"Wing de la marca RRD, modelo Gold Wing de 5.5 metros.

- Fabricada con material Aluula.
- Color amarillo y negro.
Vela super ligera y potente.
Tiene las marcas que salen de plegado esteticas pero el material está en buen estado .
Duotone gong fone";https://es.wallapop.com/item/wing-rrd-aluula-5-5m-1299826275;[];[5.5];False;2026-09-14;Envío disponible;Disponible;https://cdn.wallapop.com/images/10420/lh/vs/__/c10420p1299826275/i6719572323.jpg?pictureSize=W640|https://cdn.wallapop.com/images/10420/lh/vs/__/c10420p1299826275/i6719572356.jpg?pictureSize=W640|https://cdn.wallapop.com/images/10420/lh/vs/__/c10420p1299826275/i6719572380.jpg?pictureSize=W640|https://cdn.wallapop.com/images/10420/lh/vs/__/c10420p1299826275/i6719572396.jpg?pictureSize=W640|https://cdn.wallapop.com/images/10420/lh/vs/__/c10420p1299826275/i6719572413.jpg?pictureSize=W640|https://cdn.wallapop.com/images/10420/lh/vs/__/c10420p1299826275/i6719572435.jpg?pictureSize=W640
Cabrinha Fuselage Wingfoil 276 y 345 + 2 Estabiliz;100.0;O Campanario, 15999;"Se vende conjunto de fuselaje y estabilizadores para wingfoil.

- Fuselaje de 276 mm. 100€
- Fuselaje de 345 mm.100€
- estabilizadores 180€";https://es.wallapop.com/item/cabrinha-fuselage-wingfoil-276-y-345---2-estabiliz-1298119351;[];[];False;2026-09-04;Envío disponible;Disponible;https://cdn.wallapop.com/images/10420/lg/v7/__/c10420p1298119351/i6711161892.jpg?pictureSize=W640|https://cdn.wallapop.com/images/10420/lg/v7/__/c10420p1298119351/i6711161909.jpg?pictureSize=W640
Tabla Wingfoil Wavechaser 5'5 86.8L;270.0;Tarifa, 11380;"Tabla Wingfoil Carbon Wavechaser 165VFX

- Largo: 5'5"" (165 cm)
- Ancho: 64 cm (25"")
- Grosor: 12,7 cm (5,1"")
- Volumen: 86,8 litros
-  Peso 7,1 kg

Materiales:

- Núcleo de EPS de 18 kg/m con larguero de PVC
- Almohadilla de cubierta ultraligera de bambú
- Construcción en carbono
 preimpregnado 3k y vidrio S de 4 oz
- PRotección de cantos.

 EN BUENAS CONDICIONES CON ALGUN (ARAÑAZO/TOQUE) DEL USO Y EL PAD UN POCO DESPEGADO, SE REAGLA FUNDA CON LA COMPRA PERO TIENE LA CREMALLERA ALGO ROTA

Tabla de alto rendimiento, volumen ideal para riders de nivel intermedio o  tabla de progresión. rider hasta 95kgs.
 visible en  KTS Tarifa";https://es.wallapop.com/item/tabla-wingfoil-wavechaser-5-5-86-8l-1262640229;[86.8];[];False;2026-09-05;Envío disponible;Disponible;https://cdn.wallapop.com/images/10420/kv/qr/__/c10420p1262640229/i6500985504.jpg?pictureSize=W640|https://cdn.wallapop.com/images/10420/kv/qr/__/c10420p1262640229/i6500985539.jpg?pictureSize=W640|https://cdn.wallapop.com/images/10420/kv/qr/__/c10420p1262640229/i6500985561.jpg?pictureSize=W640|https://cdn.wallapop.com/images/10420/kv/qr/__/c10420p1262640229/i6500985592.jpg?pictureSize=W640|https://cdn.wallapop.com/images/10420/kv/qr/__/c10420p1262640229/i6500985624.jpg?pictureSize=W640|https://cdn.wallapop.com/images/10420/kv/qr/__/c10420p1262640229/i6500985642.jpg?pictureSize=W640|https://cdn.wallapop.com/images/10420/kv/qr/__/c10420p1262640229/i6500985672.jpg?pictureSize=W640|https://cdn.wallapop.com/images/10420/kv/qr/__/c10420p1262640229/i6501467751.jpg?pictureSize=W640|https://cdn.wallapop.com/images/10420/kv/qr/__/c10420p1262640229/i6500985687.jpg?pictureSize=W640|https://cdn.wallapop.com/images/10420/kv/qr/__/c10420p1262640229/i6501467762.jpg?pictureSize=W640
Ala wingfoil Cabrinha Crosswing X3 4.0m a estrenar;330.0;Málaga, 29014;"Ala de wingfoil Cabrinha Crosswing X3 de 4.0m.
Nunca se ha usado
Wing muy dòcil, potente y facil de usar

- Color gris oscuro y turquesa.
- Ventanas transparentes.
- Logo de Cabrinha visible.";https://es.wallapop.com/item/ala-wingfoil-cabrinha-crosswing-x3-4-0m-1301128606;[];[4];False;2026-09-12;Envío disponible;Disponible;https://cdn.wallapop.com/images/10420/li/np/__/c10420p1301128606/i6725613126.jpg?pictureSize=W640|https://cdn.wallapop.com/images/10420/li/np/__/c10420p1301128606/i6725613128.jpg?pictureSize=W640|https://cdn.wallapop.com/images/10420/li/np/__/c10420p1301128606/i6725613133.jpg?pictureSize=W640
Tabla Wingfoil SBT Ave Fenix;650.0;Almería, 04006;Tabla de Wingfoil. Marca: Sailboard Tarifa, modelo: Ave Fenix. Volumen: 95 litros. PVP: 1.150€. Estado: NUEVA;https://es.wallapop.com/item/tabla-wingfoil-ave-fenix-1301847139;[95];[];False;2026-09-14;Envío disponible;Disponible;https://cdn.wallapop.com/images/10420/lj/33/__/c10420p1301847139/i6728719587.jpg?pictureSize=W640|https://cdn.wallapop.com/images/10420/lj/33/__/c10420p1301847139/i6728719590.jpg?pictureSize=W640|https://cdn.wallapop.com/images/10420/lj/33/__/c10420p1301847139/i6728719592.jpg?pictureSize=W640|https://cdn.wallapop.com/images/10420/lj/33/__/c10420p1301847139/i6728719598.jpg?pictureSize=W640|https://cdn.wallapop.com/images/10420/lj/33/__/c10420p1301847139/i6728719603.jpg?pictureSize=W640|https://cdn.wallapop.com/images/10420/lj/33/__/c10420p1301847139/i6728723959.jpg?pictureSize=W640
Foil Taaroa Carbono wingfoil;950.0;Girona, 17007;"Componentes de foil Taaroa fabricados en carbono.

- Mástil de foil.85cm
- Ala principal de carbono. 1250cm
Ala principal de carbono. 800cm
- Ala trasera de carbono.
- Fuselage mast aluminio 62cm

Prefiero vender y entregar en mano.";https://es.wallapop.com/item/foil-taaroa-carbono-1282871122;[];[];False;2026-09-26;Envío disponible;Disponible;https://cdn.wallapop.com/images/10420/l7/sd/__/c10420p1282871122/i6623889540.jpg?pictureSize=W640|https://cdn.wallapop.com/images/10420/l7/sd/__/c10420p1282871122/i6623889653.jpg?pictureSize=W640|https://cdn.wallapop.com/images/10420/l7/sd/__/c10420p1282871122/i6623889800.jpg?pictureSize=W640|https://cdn.wallapop.com/images/10420/l7/sd/__/c10420p1282871122/i6623890256.jpg?pictureSize=W640|https://cdn.wallapop.com/images/10420/l7/sd/__/c10420p1282871122/i6623890593.jpg?pictureSize=W640|https://cdn.wallapop.com/images/10420/l7/sd/__/c10420p1282871122/i6623890669.jpg?pictureSize=W640
​Vela Wing Foil / Wingfoil RRD Evo Y26 5.5;290.0;Pamplona/Iruña, 31002;"Estado impecable, muy cuidada:
- SIN reparaciones, parches ni poros.
- Utilizada SIEMPRE en agua dulce (pantano), por lo que las costuras, tela y paño no sufren la erosión ni la sal del mar.
- Todas las válvulas y bladder en perfecto estado, no pierde nada de aire.

Ala ideal para vientos flojos/medios y progresar con un ala potente y estable. 

Incluye leash y su mochila/funda original. Se puede ver y probar en mano o enviar mediante Envío Wallapop.
#wingfoil #wing #vela #rrd #foil #foiling #cometawing #ala";https://es.wallapop.com/item/ala-de-wingfoil-rrd-evo-wing-y26-5-5m-naranja-1298039552;[];[];False;2026-09-19;Envío disponible;Disponible;https://cdn.wallapop.com/images/10420/lg/th/__/c10420p1298039552/i6710680070.jpg?pictureSize=W640|https://cdn.wallapop.com/images/10420/lg/th/__/c10420p1298039552/i6710680087.jpg?pictureSize=W640|https://cdn.wallapop.com/images/10420/lg/th/__/c10420p1298039552/i6710680104.jpg?pictureSize=W640|https://cdn.wallapop.com/images/10420/lg/th/__/c10420p1298039552/i6710680111.jpg?pictureSize=W640|https://cdn.wallapop.com/images/10420/lg/th/__/c10420p1298039552/i6710680118.jpg?pictureSize=W640|https://cdn.wallapop.com/images/10420/lg/th/__/c10420p1298039552/i6710680131.jpg?pictureSize=W640|https://cdn.wallapop.com/images/10420/lg/th/__/c10420p1298039552/i6710680152.jpg?pictureSize=W640|https://cdn.wallapop.com/images/10420/lg/th/__/c10420p1298039552/i6710680161.jpg?pictureSize=W640|https://cdn.wallapop.com/images/10420/lg/th/__/c10420p1298039552/i6710680168.jpg?pictureSize=W640|https://cdn.wallapop.com/images/10420/lg/th/__/c10420p1298039552/i6710680176.jpg?pictureSize=W640
Foil Wingfoil DAKINE Charger 1950;350.0;Alagón, 50630;"Foil DAKINE Charger de 1950.

- Diseño en color negro con detalles amarillos.
- Material de carbono.
- Buen estado, típicos roces del uso.";https://es.wallapop.com/item/foil-dakine-charger-1950-1283858722;[];[];False;2026-09-09;Envío disponible;Disponible;https://cdn.wallapop.com/images/10420/l8/dj/__/c10420p1283858722/i6629536522.jpg?pictureSize=W640|https://cdn.wallapop.com/images/10420/l8/dj/__/c10420p1283858722/i6629536528.jpg?pictureSize=W640
Vela Wingfoil Starboard 6mts;275.0;Can Pastilla, 07610;"Vela de wingfoil Starboard de 6 metros. Ideal para disfrutar del mar.

- Marca: Starboard
- Tamaño: 6mts
- Color: negro y amarillo";https://es.wallapop.com/item/vela-wingfoil-starboard-6mts-1306276862;[];[6];False;2026-09-28;Envío disponible;Disponible;https://cdn.wallapop.com/images/10420/ll/q1/__/c10420p1306276862/i6754930334.jpg?pictureSize=W640|https://cdn.wallapop.com/images/10420/ll/q1/__/c10420p1306276862/i6754930342.jpg?pictureSize=W640|https://cdn.wallapop.com/images/10420/ll/q1/__/c10420p1306276862/i6754930343.jpg?pictureSize=W640|https://cdn.wallapop.com/images/10420/ll/q1/__/c10420p1306276862/i6754930341.jpg?pictureSize=W640|https://cdn.wallapop.com/images/10420/ll/q1/__/c10420p1306276862/i6754930339.jpg?pictureSize=W640|https://cdn.wallapop.com/images/10420/ll/q1/__/c10420p1306276862/i6754930344.jpg?pictureSize=W640|https://cdn.wallapop.com/images/10420/ll/q1/__/c10420p1306276862/i6754930348.jpg?pictureSize=W640
Tabla Wingfoil Duotone Skybrid Sls 5'7 70L;1200.0;Cartagena, 30201;"Tabla de wingfoil Duotone Skybrid SLS de 5'7 y 70 litros. Increíble polivalencia y facilidad de manejo.

- Modelo: Skybrid SLS 2026
- Tamaño: 5'7
- Volumen: 70L
- Marca: Duotone
- Ninguna reparación, golpe o desperfecto.
- 3 straps a estrenar incluidos";https://es.wallapop.com/item/tabla-wingfoil-duotone-skybrid-sls-5-7-70l-1300362326;[70];[];False;2026-09-27;Envío disponible;Disponible;https://cdn.wallapop.com/images/10420/li/79/__/c10420p1300362326/i6722229535.jpg?pictureSize=W640|https://cdn.wallapop.com/images/10420/li/79/__/c10420p1300362326/i6722229628.jpg?pictureSize=W640|https://cdn.wallapop.com/images/10420/li/79/__/c10420p1300362326/i6722229643.jpg?pictureSize=W640|https://cdn.wallapop.com/images/10420/li/79/__/c10420p1300362326/i6722229613.jpg?pictureSize=W640|https://cdn.wallapop.com/images/10420/li/79/__/c10420p1300362326/i6722229690.jpg?pictureSize=W640|https://cdn.wallapop.com/images/10420/li/79/__/c10420p1300362326/i6722229579.jpg?pictureSize=W640|https://cdn.wallapop.com/images/10420/li/79/__/c10420p1300362326/i6722229713.jpg?pictureSize=W640|https://cdn.wallapop.com/images/10420/li/79/__/c10420p1300362326/i6722229555.jpg?pictureSize=W640|https://cdn.wallapop.com/images/10420/li/79/__/c10420p1300362326/i6722229665.jpg?pictureSize=W640|https://cdn.wallapop.com/images/10420/li/79/__/c10420p1300362326/i6722229591.jpg?pictureSize=W640
Tabla Wingfoil Tabou 107L Nueva;700.0;Sant Amanc, 17220;"Vendo tabla de wingfoil Tabou Pocket 107L.

- Volumen: 107L
- Ancho: 70cm
- Largo: 173cm
- Marca: Tabou
- Modelo: Pocket
- Con pads EVA y posibilidad de montar straps
Nunca se ha usado, se vende por falta de uso.

Se vende tal y como aparece en las fotos.
Precio negociable.";https://es.wallapop.com/item/tabla-wingfoil-tabou-107l-nueva-1294944580;[107];[];False;2026-08-26;Envío disponible;Disponible;https://cdn.wallapop.com/images/10420/le/z5/__/c10420p1294944580/i6696203280.jpg?pictureSize=W640|https://cdn.wallapop.com/images/10420/le/z5/__/c10420p1294944580/i6696203303.jpg?pictureSize=W640|https://cdn.wallapop.com/images/10420/le/z5/__/c10420p1294944580/i6696203333.jpg?pictureSize=W640|https://cdn.wallapop.com/images/10420/le/z5/__/c10420p1294944580/i6696203359.jpg?pictureSize=W640|https://cdn.wallapop.com/images/10420/le/z5/__/c10420p1294944580/i6696203385.jpg?pictureSize=W640
Wingfoil F-One Strike V5 Alula 5m;780.0;Benicasim, 12560;"Wingfoil F-One Strike V5 Alula de 5 metros, con un diseño estilizado y técnico.
- usada 2 veces 
- Estructura en material Alula l.
- Tejido negro con detalles en amarillo.";https://es.wallapop.com/item/wingfoil-f-one-strike-v5-alula-5m-1305865644;[];[5];False;2026-09-28;Envío disponible;Disponible;https://cdn.wallapop.com/images/10420/ll/h8/__/c10420p1305865644/i6752798339.jpg?pictureSize=W640|https://cdn.wallapop.com/images/10420/ll/h8/__/c10420p1305865644/i6752798345.jpg?pictureSize=W640
Tabla Wingfoil Fanatic Sky Style TE 75L;500.0;Alboraya, 46120;"buen estado, sin roturas ni reparaciones, con marcas estéticas del uso. Desconchones de pintura en proa y laterales
Viene con funda original y pads de fanatic, tb originales
Se puede ver y probar en patacona";https://es.wallapop.com/item/tabla-wingfoil-fanatic-sky-style-te-75l-1307100336;[75];[];False;2026-09-29;Envío disponible;Disponible;https://cdn.wallapop.com/images/10420/lm/7p/__/c10420p1307100336/i6759173405.jpg?pictureSize=W640|https://cdn.wallapop.com/images/10420/lm/7p/__/c10420p1307100336/i6759173899.jpg?pictureSize=W640|https://cdn.wallapop.com/images/10420/lm/7p/__/c10420p1307100336/i6759173423.jpg?pictureSize=W640|https://cdn.wallapop.com/images/10420/lm/7p/__/c10420p1307100336/i6759173435.jpg?pictureSize=W640|https://cdn.wallapop.com/images/10420/lm/7p/__/c10420p1307100336/i6759173845.jpg?pictureSize=W640|https://cdn.wallapop.com/images/10420/lm/7p/__/c10420p1307100336/i6759173448.jpg?pictureSize=W640|https://cdn.wallapop.com/images/10420/lm/7p/__/c10420p1307100336/i6759173694.jpg?pictureSize=W640|https://cdn.wallapop.com/images/10420/lm/7p/__/c10420p1307100336/i6759173488.jpg?pictureSize=W640|https://cdn.wallapop.com/images/10420/lm/7p/__/c10420p1307100336/i6759173469.jpg?pictureSize=W640|https://cdn.wallapop.com/images/10420/lm/7p/__/c10420p1307100336/i6759173805.jpg?pictureSize=W640
Wingfoil Wing;380.0;Berben, 11500;"Equipo de wingfoil con diseño estilizado y ligero, ideal para la práctica de este deporte wingfoil

-wing 4.0 como nuevo no tiene reparaciones no pierde aire";https://es.wallapop.com/item/wingfoil-1306860542;[];[];False;2026-09-28;Envío disponible;Disponible;https://cdn.wallapop.com/images/10420/lm/2k/__/c10420p1306860542/i6757793079.jpg?pictureSize=W640|https://cdn.wallapop.com/images/10420/lm/2k/__/c10420p1306860542/i6757793093.jpg?pictureSize=W640|https://cdn.wallapop.com/images/10420/lm/2k/__/c10420p1306860542/i6757793136.jpg?pictureSize=W640|https://cdn.wallapop.com/images/10420/lm/2k/__/c10420p1306860542/i6757793118.jpg?pictureSize=W640|https://cdn.wallapop.com/images/10420/lm/2k/__/c10420p1306860542/i6757793110.jpg?pictureSize=W640|https://cdn.wallapop.com/images/10420/lm/2k/__/c10420p1306860542/i6757801161.jpg?pictureSize=W640
Tabla Wingfoil F-ONE Rocket Wing de 60L;700.0;Benicasim, 12560;"Tabla de wingfoil F-ONE Rocket Wing en color rojo.

- Diseño aerodinámico.
- Superficie antideslizante.
- Construcción robusta.
- incluye foostraps";https://es.wallapop.com/item/tabla-wingfoil-f-one-rocket-wing-de-60l-1291506852;[60];[];False;2026-09-24;Envío disponible;Disponible;https://cdn.wallapop.com/images/10420/lc/xh/__/c10420p1291506852/i6678348813.jpg?pictureSize=W640|https://cdn.wallapop.com/images/10420/lc/xh/__/c10420p1291506852/i6678348822.jpg?pictureSize=W640|https://cdn.wallapop.com/images/10420/lc/xh/__/c10420p1291506852/i6678408009.jpg?pictureSize=W640|https://cdn.wallapop.com/images/10420/lc/xh/__/c10420p1291506852/i6678408019.jpg?pictureSize=W640|https://cdn.wallapop.com/images/10420/lc/xh/__/c10420p1291506852/i6683290883.jpg?pictureSize=W640|https://cdn.wallapop.com/images/10420/lc/xh/__/c10420p1291506852/i6678408038.jpg?pictureSize=W640|https://cdn.wallapop.com/images/10420/lc/xh/__/c10420p1291506852/i6683290894.jpg?pictureSize=W640|https://cdn.wallapop.com/images/10420/lc/xh/__/c10420p1291506852/i6683290902.jpg?pictureSize=W640|https://cdn.wallapop.com/images/10420/lc/xh/__/c10420p1291506852/i6683290911.jpg?pictureSize=W640
Foil Tribord WNG500 para Wingfoil;300.0;Coca de La Piñera, 41910;"Foil Tribord WNG500 para wingfoil. Incluye mástil, ala delantera y estabilizador.

- Mástil de foil Tribord 85 CMS.
- Ala delantera WNG500.
- Estabilizador 300.
- Tornillería incluida.";https://es.wallapop.com/item/foil-tribord-wng500-para-wingfoil-1299235198;[];[];False;2026-09-08;Envío disponible;Disponible;https://cdn.wallapop.com/images/10420/lh/j4/__/c10420p1299235198/i6716358626.jpg?pictureSize=W640|https://cdn.wallapop.com/images/10420/lh/j4/__/c10420p1299235198/i6716358635.jpg?pictureSize=W640|https://cdn.wallapop.com/images/10420/lh/j4/__/c10420p1299235198/i6716358646.jpg?pictureSize=W640
Tabla Wingfoil Cabrinha CODE 2025;849.0;Tarifa, 11380;"Tabla de wingfoil Cabrinha CODE del año 2025. Ideal para disfrutar del deporte.

- Medidas: 4'11
- Volumen: 78L
- Tipo: Wind Foil Board
- Marca: Cabrinha
- Modelo: CODE
- Año: 2025";https://es.wallapop.com/item/tabla-wingfoil-cabrinha-code-2025-1291567525;[78];[];False;2026-08-15;Envío disponible;Disponible;https://cdn.wallapop.com/images/10420/lc/yr/__/c10420p1291567525/i6678608701.jpg?pictureSize=W640|https://cdn.wallapop.com/images/10420/lc/yr/__/c10420p1291567525/i6678608709.jpg?pictureSize=W640
Tabla Duotone Sky Style 75L Wingfoil;680.0;Palma de Mallorca, 07012;"Tabla Duotone Sky Style de 75 litros. Impecable, muy poco uso

- Color amarillo y gris.
- Diseño moderno y deportivo.";https://es.wallapop.com/item/tabla-duotone-sky-style-75l-wingfoil-1300429870;[75];[];False;2026-09-25;Envío disponible;Disponible;https://cdn.wallapop.com/images/10420/li/8q/__/c10420p1300429870/i6722520940.jpg?pictureSize=W640|https://cdn.wallapop.com/images/10420/li/8q/__/c10420p1300429870/i6751339975.jpg?pictureSize=W640|https://cdn.wallapop.com/images/10420/li/8q/__/c10420p1300429870/i6751339969.jpg?pictureSize=W640
Mástil Wingfoil Duotone SLS 84 NUEVO;925.0;Tarifa, 11380;"Mástil para wingfoil Duotone SLS 84, presentado en su funda protectora original.

- Funda con diseño geométrico en tonos oscuros.
- Carbono";https://es.wallapop.com/item/mastil-wingfoil-duotone-sls-84-nuevo-1306493003;[];[];False;2026-09-27;Envío disponible;Disponible;https://cdn.wallapop.com/images/10420/ll/uo/__/c10420p1306493003/i6755841863.jpg?pictureSize=W640|https://cdn.wallapop.com/images/10420/ll/uo/__/c10420p1306493003/i6755841956.jpg?pictureSize=W640|https://cdn.wallapop.com/images/10420/ll/uo/__/c10420p1306493003/i6755841916.jpg?pictureSize=W640|https://cdn.wallapop.com/images/10420/ll/uo/__/c10420p1306493003/i6755841994.jpg?pictureSize=W640|https://cdn.wallapop.com/images/10420/ll/uo/__/c10420p1306493003/i6755841883.jpg?pictureSize=W640
Tabla Wingfoil F-One Rocket 60L;400.0;Málaga, 29015;"Tabla de wingfoil F-One Rocket de 60 litros. Diseñada para ofrecer un buen rendimiento.

- Color rojo.
- Incluye footstraps.";https://es.wallapop.com/item/tabla-wingfoil-f-one-rocket-60l-1288707267;[60];[];False;2026-09-04;Envío disponible;Disponible;https://cdn.wallapop.com/images/10420/lb/9g/__/c10420p1288707267/i6662063388.jpg?pictureSize=W640|https://cdn.wallapop.com/images/10420/lb/9g/__/c10420p1288707267/i6662063495.jpg?pictureSize=W640|https://cdn.wallapop.com/images/10420/lb/9g/__/c10420p1288707267/i6662063468.jpg?pictureSize=W640
Vela WingFoil North Nova 3.5;650.0;Can Pastilla, 07610;"Vela de WingFoil North Nova de 3.5 metros. Diseñada para ofrecer un rendimiento óptimo.

- Color principal rojo con detalles en naranja y negro.
- Logotipo de North.
- Tamaño: 3.5";https://es.wallapop.com/item/vela-wingfoil-north-nova-3-5-1306702211;[];[3.5];False;2026-09-28;Envío disponible;Disponible;https://cdn.wallapop.com/images/10420/ll/z5/__/c10420p1306702211/i6756946709.jpg?pictureSize=W640|https://cdn.wallapop.com/images/10420/ll/z5/__/c10420p1306702211/i6756946723.jpg?pictureSize=W640|https://cdn.wallapop.com/images/10420/ll/z5/__/c10420p1306702211/i6756946717.jpg?pictureSize=W640|https://cdn.wallapop.com/images/10420/ll/z5/__/c10420p1306702211/i6756946718.jpg?pictureSize=W640
Tabla Wingfoil Mistral Rapide 99L 5'11;450.0;Alagón, 50630;"Tabla de wingfoil Mistral Airforce con 99 litros de volumen. Diseñada para ofrecer un buen rendimiento.

- Modelo: Rapide
- Medida: 5'11
- Volumen: 99L
- Marca: Mistral
- Diseño: Airforce";https://es.wallapop.com/item/tabla-wingfoil-mistral-rapide-99l-5-11-1283858272;[99];[];False;2026-09-09;Envío disponible;Disponible;https://cdn.wallapop.com/images/10420/l8/dj/__/c10420p1283858272/i6629533018.jpg?pictureSize=W640|https://cdn.wallapop.com/images/10420/l8/dj/__/c10420p1283858272/i6629533028.jpg?pictureSize=W640|https://cdn.wallapop.com/images/10420/l8/dj/__/c10420p1283858272/i6629533037.jpg?pictureSize=W640|https://cdn.wallapop.com/images/10420/l8/dj/__/c10420p1283858272/i6629533044.jpg?pictureSize=W640|https://cdn.wallapop.com/images/10420/l8/dj/__/c10420p1283858272/i6629533049.jpg?pictureSize=W640|https://cdn.wallapop.com/images/10420/l8/dj/__/c10420p1283858272/i6629533052.jpg?pictureSize=W640|https://cdn.wallapop.com/images/10420/l8/dj/__/c10420p1283858272/i6629533057.jpg?pictureSize=W640|https://cdn.wallapop.com/images/10420/l8/dj/__/c10420p1283858272/i6629533061.jpg?pictureSize=W640|https://cdn.wallapop.com/images/10420/l8/dj/__/c10420p1283858272/i6629533067.jpg?pictureSize=W640
Tabla Wingfoil GONG HIPE FIRST 5'11;200.0;Valencia, 46005;"Tabla de wingfoil GONG HIPE FIRST de 5'11 de 135L

- La he usado durante este invierno y el verano.
- Vendo solo la tabla, porque venía con el pack de iniciacion y necesito la bolsa de transporte y el hinchador.
- Tiene algunas marquitas blancas, y algunas de cola de contacto que ya me vino asi cuando la compré.
- se puede ver todo en las fotos";https://es.wallapop.com/item/tabla-wingfoil-gong-hipe-first-5-11-1303504138;[135];[];False;2026-09-29;Envío disponible;Disponible;https://cdn.wallapop.com/images/10420/lk/2m/__/c10420p1303504138/i6739570343.jpg?pictureSize=W640|https://cdn.wallapop.com/images/10420/lk/2m/__/c10420p1303504138/i6739570410.jpg?pictureSize=W640|https://cdn.wallapop.com/images/10420/lk/2m/__/c10420p1303504138/i6739570455.jpg?pictureSize=W640|https://cdn.wallapop.com/images/10420/lk/2m/__/c10420p1303504138/i6739570476.jpg?pictureSize=W640|https://cdn.wallapop.com/images/10420/lk/2m/__/c10420p1303504138/i6739570385.jpg?pictureSize=W640|https://cdn.wallapop.com/images/10420/lk/2m/__/c10420p1303504138/i6739570466.jpg?pictureSize=W640|https://cdn.wallapop.com/images/10420/lk/2m/__/c10420p1303504138/i6739570376.jpg?pictureSize=W640|https://cdn.wallapop.com/images/10420/lk/2m/__/c10420p1303504138/i6739570487.jpg?pictureSize=W640|https://cdn.wallapop.com/images/10420/lk/2m/__/c10420p1303504138/i6739570435.jpg?pictureSize=W640
Ala wingfoil Duotone Unit 2m SLS Nueva 2026;750.0;Sevilla, 41010;"Ala de wingfoil Duotone Unit de 2 metros en versión SLS, 2026 completamente nueva.

 Adquirida en mayo para el verano y no se ha utilizado porque no ha habido  levante.

- Color principal marrón con detalles en azul.
- Diseño con logo V y DUOTONE visible.
- Ventanas transparentes en la tela.

Incluye botavara nueva también";https://es.wallapop.com/item/duotone-unit-2m-sls-nueva-1293425750;[];[2];False;2026-09-15;Envío disponible;Disponible;https://cdn.wallapop.com/images/10420/le/2l/__/c10420p1293425750/i6689205782.jpg?pictureSize=W640|https://cdn.wallapop.com/images/10420/le/2l/__/c10420p1293425750/i6689205812.jpg?pictureSize=W640|https://cdn.wallapop.com/images/10420/le/2l/__/c10420p1293425750/i6689205824.jpg?pictureSize=W640|https://cdn.wallapop.com/images/10420/le/2l/__/c10420p1293425750/i6689205835.jpg?pictureSize=W640|https://cdn.wallapop.com/images/10420/le/2l/__/c10420p1293425750/i6689205848.jpg?pictureSize=W640|https://cdn.wallapop.com/images/10420/le/2l/__/c10420p1293425750/i6689205868.jpg?pictureSize=W640|https://cdn.wallapop.com/images/10420/le/2l/__/c10420p1293425750/i6689205888.jpg?pictureSize=W640|https://cdn.wallapop.com/images/10420/le/2l/__/c10420p1293425750/i6689205919.jpg?pictureSize=W640|https://cdn.wallapop.com/images/10420/le/2l/__/c10420p1293425750/i6689206916.jpg?pictureSize=W640
Vela Wingfoil SIC Raptor 4.0;180.0;Los Saez, 30740;"Vela para wingfoil SIC Raptor de 4 metros. Diseñada para ofrecer un buen rendimiento.

- Modelo: Raptor
- Tamaño: 4.0
- Marca: SIC";https://es.wallapop.com/item/vela-wingfoil-sic-raptor-4-0-1303341851;[];[4];False;2026-09-26;Envío disponible;Disponible;https://cdn.wallapop.com/images/10420/lj/z5/__/c10420p1303341851/i6738745899.jpg?pictureSize=W640|https://cdn.wallapop.com/images/10420/lj/z5/__/c10420p1303341851/i6738745905.jpg?pictureSize=W640|https://cdn.wallapop.com/images/10420/lj/z5/__/c10420p1303341851/i6738745911.jpg?pictureSize=W640
Ala Wingfoil 5m;350.0;Madrid, 28006;"Ala de wingfoil de 5 metros.
Me costó 600 euros aporto factura.
Tiene 5 sesiones contadas. La compré el año pasado y aprendiendo se me cayó el foil encima y se me rasgó la tela. Me regalaron otra y hasta ahora no la he reparado.
La pongo a la venta porque tengo una de los mismos metros.
La reparación la ha hecho un profesional( milo en Madrid, m-30).
Navego por Madrid habitualmente.";https://es.wallapop.com/item/ala-wingfoil-5m-1278373175;[];[5];False;2026-09-21;Envío disponible;Disponible;https://cdn.wallapop.com/images/10420/l5/3z/__/c10420p1278373175/i6596746674.jpg?pictureSize=W640|https://cdn.wallapop.com/images/10420/l5/3z/__/c10420p1278373175/i6596746816.jpg?pictureSize=W640|https://cdn.wallapop.com/images/10420/l5/3z/__/c10420p1278373175/i6596746886.jpg?pictureSize=W640|https://cdn.wallapop.com/images/10420/l5/3z/__/c10420p1278373175/i6596746838.jpg?pictureSize=W640|https://cdn.wallapop.com/images/10420/l5/3z/__/c10420p1278373175/i6596746703.jpg?pictureSize=W640|https://cdn.wallapop.com/images/10420/l5/3z/__/c10420p1278373175/i6596746857.jpg?pictureSize=W640|https://cdn.wallapop.com/images/10420/l5/3z/__/c10420p1278373175/i6596746899.jpg?pictureSize=W640|https://cdn.wallapop.com/images/10420/l5/3z/__/c10420p1278373175/i6596746751.jpg?pictureSize=W640|https://cdn.wallapop.com/images/10420/l5/3z/__/c10420p1278373175/i6596746873.jpg?pictureSize=W640|https://cdn.wallapop.com/images/10420/l5/3z/__/c10420p1278373175/i6609782062.jpg?pictureSize=W640
Tabla Wingfoil Reedin 88L;1000.0;Playa Santa Ana, 03779;"Tabla de wingfoil Reedin de 88 litros. Diseño moderno con detalles en blanco, negro y rojo.

- Incluye funda de transporte.
- Número 88 visible en la tabla.";https://es.wallapop.com/item/tabla-wingfoil-reedin-88l-1281192171;[88];[];False;2026-09-10;Envío disponible;Disponible;https://cdn.wallapop.com/images/10420/l6/se/__/c10420p1281192171/i6613844424.jpg?pictureSize=W640|https://cdn.wallapop.com/images/10420/l6/se/__/c10420p1281192171/i6613844766.jpg?pictureSize=W640|https://cdn.wallapop.com/images/10420/l6/se/__/c10420p1281192171/i6613844666.jpg?pictureSize=W640|https://cdn.wallapop.com/images/10420/l6/se/__/c10420p1281192171/i6613844880.jpg?pictureSize=W640|https://cdn.wallapop.com/images/10420/l6/se/__/c10420p1281192171/i6613844579.jpg?pictureSize=W640|https://cdn.wallapop.com/images/10420/l6/se/__/c10420p1281192171/i6613844478.jpg?pictureSize=W640|https://cdn.wallapop.com/images/10420/l6/se/__/c10420p1281192171/i6613844976.jpg?pictureSize=W640
Ala Wing-Foil Reedin;150.0;Churriana, 29591;"Ala de wing-foil de la marca Reedin con un diseño técnico y estructurado.

- Estructura inflable con refuerzos en color negro.
- Ventanas transparentes integradas en la vela.
- Asas de agarre ergonómicas.";https://es.wallapop.com/item/ala-wing-foil-reedin-1305806029;[];[];False;2026-09-25;Envío disponible;Disponible;https://cdn.wallapop.com/images/10420/ll/fy/__/c10420p1305806029/i6752487097.jpg?pictureSize=W640|https://cdn.wallapop.com/images/10420/ll/fy/__/c10420p1305806029/i6752487115.jpg?pictureSize=W640|https://cdn.wallapop.com/images/10420/ll/fy/__/c10420p1305806029/i6752487167.jpg?pictureSize=W640|https://cdn.wallapop.com/images/10420/ll/fy/__/c10420p1305806029/i6752487189.jpg?pictureSize=W640|https://cdn.wallapop.com/images/10420/ll/fy/__/c10420p1305806029/i6752487204.jpg?pictureSize=W640|https://cdn.wallapop.com/images/10420/ll/fy/__/c10420p1305806029/i6752487218.jpg?pictureSize=W640|https://cdn.wallapop.com/images/10420/ll/fy/__/c10420p1305806029/i6752487236.jpg?pictureSize=W640|https://cdn.wallapop.com/images/10420/ll/fy/__/c10420p1305806029/i6752487263.jpg?pictureSize=W640|https://cdn.wallapop.com/images/10420/ll/fy/__/c10420p1305806029/i6752487281.jpg?pictureSize=W640|https://cdn.wallapop.com/images/10420/ll/fy/__/c10420p1305806029/i6752487314.jpg?pictureSize=W640
Funda Cabrinha AV8 Wingfoil x2;250.0;O Campanario, 15999;"Funda para equipo de wingfoil Cabrinha AV8.

- Color negro.
- Incluye asas de transporte.
- Cierre de cremallera.";https://es.wallapop.com/item/funda-cabrinha-av8-wingfoil-x2-1298117685;[];[];False;2026-09-04;Envío disponible;Disponible;https://cdn.wallapop.com/images/10420/lg/v6/__/c10420p1298117685/i6711152854.jpg?pictureSize=W640|https://cdn.wallapop.com/images/10420/lg/v6/__/c10420p1298117685/i6711152881.jpg?pictureSize=W640|https://cdn.wallapop.com/images/10420/lg/v6/__/c10420p1298117685/i6711152905.jpg?pictureSize=W640
Wingfoil Onada 1100;300.0;Alcochete, 2890-001;"Wingfoil, surf foil ou hidrofoil da marca Onada, modelo 1100.
Mastro carbono 95 cm 
- Design em carbono.
- Inclui capa protetora.";https://es.wallapop.com/item/wingfoil-onada-1100-1300086742;[];[];False;2026-09-27;Envío disponible;Disponible;https://cdn.wallapop.com/images/10420/li/1d/__/c10420p1300086742/i6720932564.jpg?pictureSize=W640|https://cdn.wallapop.com/images/10420/li/1d/__/c10420p1300086742/i6720932610.jpg?pictureSize=W640
Ala Wingfoil F-one Swing 3.0m  V3 Regaláda;225.0;Alzira, 46600;"!!!LA ESTRENAS TU LITERALMENTE !!!!Ala de wingfoil F-one Swing en talla 3.0, versión V3. Un ala en excelente estado, casi nueva.1 uso prácticamente a estrenar es ideal BAJARTE A TARIFA OCUPA POR ESPACIO PESA MUY POCO Y ES ESTABLE Y LIGERA LA VENDO POR ADQUIRIR LA NUEVA ME ENCANTA EN OLAS SE QUEDA FIJA  . WING PARA DIAS DE OLAS MANEJABLE ESTABLE COMO SI NO LLEVARAS NADA EN UNA MANO Y SIN MIEDO A GOLPEAR LA TABLA 

- Color naranja y verde menta.
- Diseño F-one Swing.
- Talla 3.0 MTS V3.";https://es.wallapop.com/item/ala-wingfoil-f-one-swing-3-0-v3-1285651977;[];[3];False;2026-09-28;Envío disponible;Disponible;https://cdn.wallapop.com/images/10420/l9/fz/__/c10420p1285651977/i6639845594.jpg?pictureSize=W640|https://cdn.wallapop.com/images/10420/l9/fz/__/c10420p1285651977/i6639845606.jpg?pictureSize=W640|https://cdn.wallapop.com/images/10420/l9/fz/__/c10420p1285651977/i6639845622.jpg?pictureSize=W640|https://cdn.wallapop.com/images/10420/l9/fz/__/c10420p1285651977/i6639845628.jpg?pictureSize=W640|https://cdn.wallapop.com/images/10420/l9/fz/__/c10420p1285651977/i6639845643.jpg?pictureSize=W640|https://cdn.wallapop.com/images/10420/l9/fz/__/c10420p1285651977/i6639845665.jpg?pictureSize=W640|https://cdn.wallapop.com/images/10420/l9/fz/__/c10420p1285651977/i6639845670.jpg?pictureSize=W640|https://cdn.wallapop.com/images/10420/l9/fz/__/c10420p1285651977/i6639845685.jpg?pictureSize=W640|https://cdn.wallapop.com/images/10420/l9/fz/__/c10420p1285651977/i6639845695.jpg?pictureSize=W640|https://cdn.wallapop.com/images/10420/l9/fz/__/c10420p1285651977/i6639845698.jpg?pictureSize=W640
Estabilizador Wingfoil Takoon X-Glide V2 de 300;50.0;Urbanizacion Cumbres de San Antonio, 46184;"Estabilizador para wingfoil de la marca Takoon.

- Modelo: 300
- Color: Negro
- Material: Carbono";https://es.wallapop.com/item/estabilizador-wingfoil-takoon-300-1297054826;[];[];False;2026-09-01;Envío disponible;Disponible;https://cdn.wallapop.com/images/10420/lg/8d/__/c10420p1297054826/i6705827263.jpg?pictureSize=W640|https://cdn.wallapop.com/images/10420/lg/8d/__/c10420p1297054826/i6705827271.jpg?pictureSize=W640
